"jurisdiction","iso_alpha_2","iso_numeric","tax_codes","status_type","status_label","instrument_category","instrument_title","complementary_act","principal_official_url","secondary_official_urls","signed_not_in_force","signed_not_in_force_url"
"Afrique du Sud","ZA","710","IR|IF","inforce","en vigueur","Impôt sur le revenu","Convention du 8 novembre 1993 (Journal officiel du 23 novembre 1995)","false","https://www.impots.gouv.fr/sites/default/files/media/10_conventions/afrique_du_sud/afrique-du-sud_convention_cml.pdf","","",""
"Albanie","AL","008","IR|IF","inforce","en vigueur","Impôt sur le revenu","Convention du 24 décembre 2002 (Journal officiel du 21 octobre 2005)","false","https://www.impots.gouv.fr/sites/default/files/media/10_conventions/albanie/albanie_version_consolidee_convention_avec_albanie_modifiee_par_convention_multilaterale.pdf","https://www.impots.gouv.fr/sites/default/files/media/10_conventions/albanie/nid_5957_albanie.pdf","",""
"Algérie","DZ","012","IR|IF|S","inforce","en vigueur","Impôt sur le revenu","Convention du 17 octobre 1999 (Journal officiel du 26 décembre 2002)","false","https://www.impots.gouv.fr/sites/default/files/media/10_conventions/algerie/algerie_convention-avec-l-algerie_fd_1720.pdf","","",""
"Allemagne","DE","276","IR|IF|S|D","inforce","en vigueur","Impôt sur le revenu","Convention et échange de lettres du 21 juillet 1959 (Journal officiel du 8 novembre 1961 et rectificatif du 9 janvier 1962)","false","https://www.impots.gouv.fr/sites/default/files/media/10_conventions/allemagne/version-consolidee-de-la-convention-avec-lallemagne-modifiee-par-la-convention-multilaterale---impots-sur-le-revenu-et-la-fortune-1959.pdf","https://www.impots.gouv.fr/sites/default/files/media/10_conventions/allemagne/allemagne_convention-avec-l-allemagne-successions-et-donations-en-vigueur-au-03.04.2009_fd_4003.pdf","",""
"Allemagne","DE","276","IR|IF|S|D","inforce","en vigueur","Impôt sur le revenu","Avenant du 9 juin 1969 (Journal officiel du 22 novembre 1970)","false","https://www.impots.gouv.fr/sites/default/files/media/10_conventions/allemagne/version-consolidee-de-la-convention-avec-lallemagne-modifiee-par-la-convention-multilaterale---impots-sur-le-revenu-et-la-fortune-1959.pdf","https://www.impots.gouv.fr/sites/default/files/media/10_conventions/allemagne/allemagne_convention-avec-l-allemagne-successions-et-donations-en-vigueur-au-03.04.2009_fd_4003.pdf","",""
"Allemagne","DE","276","IR|IF|S|D","inforce","en vigueur","Impôt sur le revenu","Avenant du 28 septembre 1989 (Journal officiel du 7 novembre 1990)","false","https://www.impots.gouv.fr/sites/default/files/media/10_conventions/allemagne/version-consolidee-de-la-convention-avec-lallemagne-modifiee-par-la-convention-multilaterale---impots-sur-le-revenu-et-la-fortune-1959.pdf","https://www.impots.gouv.fr/sites/default/files/media/10_conventions/allemagne/allemagne_convention-avec-l-allemagne-successions-et-donations-en-vigueur-au-03.04.2009_fd_4003.pdf","",""
"Allemagne","DE","276","IR|IF|S|D","inforce","en vigueur","Impôt sur le revenu","Avenant du 20 décembre 2001 (Journal officiel du 20 septembre 2003)","false","https://www.impots.gouv.fr/sites/default/files/media/10_conventions/allemagne/version-consolidee-de-la-convention-avec-lallemagne-modifiee-par-la-convention-multilaterale---impots-sur-le-revenu-et-la-fortune-1959.pdf","https://www.impots.gouv.fr/sites/default/files/media/10_conventions/allemagne/allemagne_convention-avec-l-allemagne-successions-et-donations-en-vigueur-au-03.04.2009_fd_4003.pdf","",""
"Allemagne","DE","276","IR|IF|S|D","inforce","en vigueur","Impôt sur le revenu","Avenant du 31 mars 2015 (Journal officiel du 24 janvier 2016)","false","https://www.impots.gouv.fr/sites/default/files/media/10_conventions/allemagne/version-consolidee-de-la-convention-avec-lallemagne-modifiee-par-la-convention-multilaterale---impots-sur-le-revenu-et-la-fortune-1959.pdf","https://www.impots.gouv.fr/sites/default/files/media/10_conventions/allemagne/allemagne_convention-avec-l-allemagne-successions-et-donations-en-vigueur-au-03.04.2009_fd_4003.pdf","",""
"Allemagne","DE","276","IR|IF|S|D","inforce","en vigueur","Travailleurs frontaliers","Arrangement administratif du 16 février 2006","true","https://www.impots.gouv.fr/sites/default/files/media/10_conventions/allemagne/version-consolidee-de-la-convention-avec-lallemagne-modifiee-par-la-convention-multilaterale---impots-sur-le-revenu-et-la-fortune-1959.pdf","https://www.impots.gouv.fr/sites/default/files/media/10_conventions/allemagne/allemagne_convention-avec-l-allemagne-successions-et-donations-en-vigueur-au-03.04.2009_fd_4003.pdf","",""
"Allemagne","DE","276","IR|IF|S|D","inforce","en vigueur","Successions et donations","Convention du 12 octobre 2006 (Journal officiel du 2 mai 2009)","false","https://www.impots.gouv.fr/sites/default/files/media/10_conventions/allemagne/version-consolidee-de-la-convention-avec-lallemagne-modifiee-par-la-convention-multilaterale---impots-sur-le-revenu-et-la-fortune-1959.pdf","https://www.impots.gouv.fr/sites/default/files/media/10_conventions/allemagne/allemagne_convention-avec-l-allemagne-successions-et-donations-en-vigueur-au-03.04.2009_fd_4003.pdf","",""
"Andorre","AD","020","IR","inforce","en vigueur","Impôt sur le revenu","Convention du 2 avril 2013 (Journal officiel du 19 juillet 2015)","false","https://www.impots.gouv.fr/sites/default/files/media/10_conventions/andorre/version-consolidee-de-la-convention-avec-andorre-modifiee-par-la-convention-multilaterale.pdf","","",""
"Andorre","AD","020","IR","inforce","en vigueur","Impôt sur le revenu","Accord particulier du 22 septembre 2009 (Journal officiel du 9 janvier 2011)","true","https://www.impots.gouv.fr/sites/default/files/media/10_conventions/andorre/version-consolidee-de-la-convention-avec-andorre-modifiee-par-la-convention-multilaterale.pdf","","",""
"Arabie Saoudite","SA","682","IR|IF|S","inforce","en vigueur","Impôt sur le revenu","Convention du 18 février 1982 (Journal officiel du 6 juillet 1983)","false","https://www.impots.gouv.fr/sites/default/files/media/10_conventions/arabie_saoudite/convention_arabie_saoudite_modifiee_cml_clause_npf.pdf","","",""
"Arabie Saoudite","SA","682","IR|IF|S","inforce","en vigueur","Impôt sur le revenu","Échange de lettres des 20 décembre 1988 et 22 février 1989 (Journal officiel du 14 juin 1989)","true","https://www.impots.gouv.fr/sites/default/files/media/10_conventions/arabie_saoudite/convention_arabie_saoudite_modifiee_cml_clause_npf.pdf","","",""
"Arabie Saoudite","SA","682","IR|IF|S","inforce","en vigueur","Impôt sur le revenu","Avenant du 2 octobre 1991 (Journal officiel du 3 septembre 1995)","false","https://www.impots.gouv.fr/sites/default/files/media/10_conventions/arabie_saoudite/convention_arabie_saoudite_modifiee_cml_clause_npf.pdf","","",""
"Arabie Saoudite","SA","682","IR|IF|S","inforce","en vigueur","Impôt sur le revenu","Échange de lettres des 16 juin et 31 octobre 1993","true","https://www.impots.gouv.fr/sites/default/files/media/10_conventions/arabie_saoudite/convention_arabie_saoudite_modifiee_cml_clause_npf.pdf","","",""
"Arabie Saoudite","SA","682","IR|IF|S","inforce","en vigueur","Impôt sur le revenu","Échange de lettres des 3 janvier 1994 et 3 mai 1995 (Journal officiel du 3 septembre 1995)","true","https://www.impots.gouv.fr/sites/default/files/media/10_conventions/arabie_saoudite/convention_arabie_saoudite_modifiee_cml_clause_npf.pdf","","",""
"Arabie Saoudite","SA","682","IR|IF|S","inforce","en vigueur","Impôt sur le revenu","Échange de lettres des 9 septembre 1998 et 2 janvier 1999 (Journal officiel du 4 juin 1999)","true","https://www.impots.gouv.fr/sites/default/files/media/10_conventions/arabie_saoudite/convention_arabie_saoudite_modifiee_cml_clause_npf.pdf","","",""
"Arabie Saoudite","SA","682","IR|IF|S","inforce","en vigueur","Impôt sur le revenu","Échange de lettres des 14 avril et 6 juillet 2003 (Journal officiel du 24 décembre 2003)","true","https://www.impots.gouv.fr/sites/default/files/media/10_conventions/arabie_saoudite/convention_arabie_saoudite_modifiee_cml_clause_npf.pdf","","",""
"Arabie Saoudite","SA","682","IR|IF|S","inforce","en vigueur","Impôt sur le revenu","Échange de lettres des 27 novembre et 30 décembre 2008 (Journal officiel du 20 juin 2009)","true","https://www.impots.gouv.fr/sites/default/files/media/10_conventions/arabie_saoudite/convention_arabie_saoudite_modifiee_cml_clause_npf.pdf","","",""
"Arabie Saoudite","SA","682","IR|IF|S","inforce","en vigueur","Impôt sur le revenu","Avenant du 18 février 2011 (Journal officiel du 10 juillet 2012)","false","https://www.impots.gouv.fr/sites/default/files/media/10_conventions/arabie_saoudite/convention_arabie_saoudite_modifiee_cml_clause_npf.pdf","","",""
"Arabie Saoudite","SA","682","IR|IF|S","inforce","en vigueur","Impôt sur le revenu","Échange de lettres des 26 décembre 2013 et 25 mai 2014 (Journal officiel du 13 septembre 2014)","true","https://www.impots.gouv.fr/sites/default/files/media/10_conventions/arabie_saoudite/convention_arabie_saoudite_modifiee_cml_clause_npf.pdf","","",""
"Arabie Saoudite","SA","682","IR|IF|S","inforce","en vigueur","Impôt sur le revenu","Échange de lettres des 11 juin et 10 décembre 2018 (Journal officiel du 27 novembre 2019)","true","https://www.impots.gouv.fr/sites/default/files/media/10_conventions/arabie_saoudite/convention_arabie_saoudite_modifiee_cml_clause_npf.pdf","","",""
"Arabie Saoudite","SA","682","IR|IF|S","inforce","en vigueur","Impôt sur le revenu","Échange de lettres des 14 et 28 décembre 2023 (Journal officiel du 16 mars 2024)","true","https://www.impots.gouv.fr/sites/default/files/media/10_conventions/arabie_saoudite/convention_arabie_saoudite_modifiee_cml_clause_npf.pdf","","",""
"Argentine","AR","032","IR|IF","inforce","en vigueur","Impôt sur le revenu","Convention du 4 avril 1979 (Journal officiel du 10 mars 1981)","false","https://www.impots.gouv.fr/sites/default/files/media/10_conventions/argentine/nid_28289_argentine_consolidee_cml.pdf","","Avenant signé le 6 décembre 2019","https://www.impots.gouv.fr/sites/default/files/media/10_conventions/argentine/avenant_convention_argentine.pdf"
"Argentine","AR","032","IR|IF","inforce","en vigueur","Impôt sur le revenu","Avenant du 15 août 2001 (Journal officiel du 12 octobre 2007)","false","https://www.impots.gouv.fr/sites/default/files/media/10_conventions/argentine/nid_28289_argentine_consolidee_cml.pdf","","Avenant signé le 6 décembre 2019","https://www.impots.gouv.fr/sites/default/files/media/10_conventions/argentine/avenant_convention_argentine.pdf"
"Argentine","AR","032","IR|IF","inforce","en vigueur","Impôt sur le revenu","Échange de lettres des 28 mai 2018 et 29 janvier 2019","true","https://www.impots.gouv.fr/sites/default/files/media/10_conventions/argentine/nid_28289_argentine_consolidee_cml.pdf","","Avenant signé le 6 décembre 2019","https://www.impots.gouv.fr/sites/default/files/media/10_conventions/argentine/avenant_convention_argentine.pdf"
"Arménie","AM","051","IR|IF","inforce","en vigueur","Impôt sur le revenu","Convention du 9 décembre 1997 (Journal officiel du 31 mai 2001)","false","https://www.impots.gouv.fr/sites/default/files/media/10_conventions/armenie/27156_armenie_convention_version-consolidee_cml.pdf","","",""
"Arménie","AM","051","IR|IF","inforce","en vigueur","Impôt sur le revenu","Avenant des 5 février 2003 et 3 février 2004 (Journal officiel du 15 mai 2007)","false","https://www.impots.gouv.fr/sites/default/files/media/10_conventions/armenie/27156_armenie_convention_version-consolidee_cml.pdf","","",""
"Australie","AU","036","IR","inforce","en vigueur","Impôt sur le revenu","Convention du 20 juin 2006 (Journal officiel du 21 juin 2009)","false","https://www.impots.gouv.fr/sites/default/files/media/10_conventions/australie/version-consolidee-australie.pdf","","",""
"Autriche","AT","040","IR|IF|S|D","inforce","en vigueur","Impôt sur le revenu","Convention du 26 mars 1993 (Journal officiel du 14 décembre 1994)","false","https://www.impots.gouv.fr/sites/default/files/media/10_conventions/autriche/convention_avec_lautriche_modifiee_par_la_cml.pdf","https://www.impots.gouv.fr/sites/default/files/media/10_conventions/autriche/autriche_convention-avec-l-autriche-successions_fd_1796.pdf","",""
"Autriche","AT","040","IR|IF|S|D","inforce","en vigueur","Impôt sur le revenu","Avenant du 23 mai 2011 (Journal officiel du 27 juin 2012)","false","https://www.impots.gouv.fr/sites/default/files/media/10_conventions/autriche/convention_avec_lautriche_modifiee_par_la_cml.pdf","https://www.impots.gouv.fr/sites/default/files/media/10_conventions/autriche/autriche_convention-avec-l-autriche-successions_fd_1796.pdf","",""
"Autriche","AT","040","IR|IF|S|D","inforce","en vigueur","Successions et donations","Convention du 26 mars 1993 (Journal officiel du 20 décembre 1994)","false","https://www.impots.gouv.fr/sites/default/files/media/10_conventions/autriche/convention_avec_lautriche_modifiee_par_la_cml.pdf","https://www.impots.gouv.fr/sites/default/files/media/10_conventions/autriche/autriche_convention-avec-l-autriche-successions_fd_1796.pdf","",""
"Azerbaïdjan","AZ","031","IR|IF","inforce","en vigueur","Impôt sur le revenu","Convention du 20 décembre 2001 (Journal officiel du 21 octobre 2005)","false","https://www.impots.gouv.fr/sites/default/files/media/10_conventions/azerbaidjan/nid_28290_azerbaidjan_consolidee_cml.pdf","","",""
"Bahreïn","BH","048","IR|IF|S","inforce","en vigueur","Impôt sur le revenu","Convention du 10 mai 1993 (Journal officiel du 6 août 1994)","false","https://www.impots.gouv.fr/sites/default/files/media/10_conventions/bahrein/bahrein_convention_cml.pdf","","",""
"Bahreïn","BH","048","IR|IF|S","inforce","en vigueur","Impôt sur le revenu","Avenant du 7 mai 2009 (Journal officiel du 28 décembre 2010)","false","https://www.impots.gouv.fr/sites/default/files/media/10_conventions/bahrein/bahrein_convention_cml.pdf","","",""
"Bangladesh","BD","050","IR","inforce","en vigueur","Impôt sur le revenu","Convention du 9 mars 1987 (Journal officiel du 30 août 1988)","false","https://www.impots.gouv.fr/sites/default/files/media/10_conventions/bangladesh/bangladesh_convention-avec-le-bangladesh_fd_1726.pdf","","",""
"Belgique","BE","056","IR|S|DE","inforce","en vigueur","Impôt sur le revenu","Convention du 10 mars 1964 (Journal officiel du 15 août 1965 et rectificatif du 9 octobre 1965)","false","https://www.impots.gouv.fr/sites/default/files/media/10_conventions/belgique/convention_belgigue_cml.pdf","https://www.impots.gouv.fr/sites/default/files/media/10_conventions/belgique/belgique_convention-avec-la-belgique-successions-droits-d-enregistrement_fd_1426.pdf","Convention signée le 9 novembre 2021","https://www.impots.gouv.fr/sites/default/files/media/10_conventions/belgique/dbv_met_frankrijk_fr-versie_-_alternat_vf2-pour_publication.pdf"
"Belgique","BE","056","IR|S|DE","inforce","en vigueur","Impôt sur le revenu","Avenant du 15 février 1971 (Journal officiel du 6 décembre 1973)","false","https://www.impots.gouv.fr/sites/default/files/media/10_conventions/belgique/convention_belgigue_cml.pdf","https://www.impots.gouv.fr/sites/default/files/media/10_conventions/belgique/belgique_convention-avec-la-belgique-successions-droits-d-enregistrement_fd_1426.pdf","Convention signée le 9 novembre 2021","https://www.impots.gouv.fr/sites/default/files/media/10_conventions/belgique/dbv_met_frankrijk_fr-versie_-_alternat_vf2-pour_publication.pdf"
"Belgique","BE","056","IR|S|DE","inforce","en vigueur","Impôt sur le revenu","Avenant du 8 février 1999 (Journal officiel du 24 juin 2000)","false","https://www.impots.gouv.fr/sites/default/files/media/10_conventions/belgique/convention_belgigue_cml.pdf","https://www.impots.gouv.fr/sites/default/files/media/10_conventions/belgique/belgique_convention-avec-la-belgique-successions-droits-d-enregistrement_fd_1426.pdf","Convention signée le 9 novembre 2021","https://www.impots.gouv.fr/sites/default/files/media/10_conventions/belgique/dbv_met_frankrijk_fr-versie_-_alternat_vf2-pour_publication.pdf"
"Belgique","BE","056","IR|S|DE","inforce","en vigueur","Impôt sur le revenu","Avenant du 12 décembre 2008 (Journal officiel du 13 janvier 2010)","false","https://www.impots.gouv.fr/sites/default/files/media/10_conventions/belgique/convention_belgigue_cml.pdf","https://www.impots.gouv.fr/sites/default/files/media/10_conventions/belgique/belgique_convention-avec-la-belgique-successions-droits-d-enregistrement_fd_1426.pdf","Convention signée le 9 novembre 2021","https://www.impots.gouv.fr/sites/default/files/media/10_conventions/belgique/dbv_met_frankrijk_fr-versie_-_alternat_vf2-pour_publication.pdf"
"Belgique","BE","056","IR|S|DE","inforce","en vigueur","Impôt sur le revenu","Avenant du 7 juillet 2009 (Journal officiel du 3 octobre 2013)","false","https://www.impots.gouv.fr/sites/default/files/media/10_conventions/belgique/convention_belgigue_cml.pdf","https://www.impots.gouv.fr/sites/default/files/media/10_conventions/belgique/belgique_convention-avec-la-belgique-successions-droits-d-enregistrement_fd_1426.pdf","Convention signée le 9 novembre 2021","https://www.impots.gouv.fr/sites/default/files/media/10_conventions/belgique/dbv_met_frankrijk_fr-versie_-_alternat_vf2-pour_publication.pdf"
"Belgique","BE","056","IR|S|DE","inforce","en vigueur","Impôt sur le revenu","Convention du 12 août 1843","false","https://www.impots.gouv.fr/sites/default/files/media/10_conventions/belgique/convention_belgigue_cml.pdf","https://www.impots.gouv.fr/sites/default/files/media/10_conventions/belgique/belgique_convention-avec-la-belgique-successions-droits-d-enregistrement_fd_1426.pdf","Convention signée le 9 novembre 2021","https://www.impots.gouv.fr/sites/default/files/media/10_conventions/belgique/dbv_met_frankrijk_fr-versie_-_alternat_vf2-pour_publication.pdf"
"Belgique","BE","056","IR|S|DE","inforce","en vigueur","Successions et droits d'enregistrement","Convention du 20 janvier 1959 (Journal officiel du 19 août 1960 et rectificatif du 9 janvier 1962)","false","https://www.impots.gouv.fr/sites/default/files/media/10_conventions/belgique/convention_belgigue_cml.pdf","https://www.impots.gouv.fr/sites/default/files/media/10_conventions/belgique/belgique_convention-avec-la-belgique-successions-droits-d-enregistrement_fd_1426.pdf","Convention signée le 9 novembre 2021","https://www.impots.gouv.fr/sites/default/files/media/10_conventions/belgique/dbv_met_frankrijk_fr-versie_-_alternat_vf2-pour_publication.pdf"
"Bénin","BJ","204","IR|S|DE","inforce","en vigueur","Impôt sur le revenu","Convention du 27 février 1975 (Journal officiel du 10 janvier 1978)","false","https://www.impots.gouv.fr/sites/default/files/media/10_conventions/benin/benin_convention-avec-le-benin_fd_1727.pdf","","",""
"Biélorussie","BY","112","IR","partial","partiellement suspendue","Impôt sur le revenu","Convention du 4 octobre 1985 (ex-URSS) (Journal officiel du 28 mai 1987)","false","https://www.impots.gouv.fr/sites/default/files/media/10_conventions/ex_urss/fichedescriptive_62371.pdf","","",""
"Biélorussie","BY","112","IR","partial","partiellement suspendue","Impôt sur le revenu","Échange de lettres du 14 mars 1967 (Journal officiel du 21 mars 1968)","true","https://www.impots.gouv.fr/sites/default/files/media/10_conventions/ex_urss/fichedescriptive_62371.pdf","","",""
"Bolivie","BO","068","IR|IF","inforce","en vigueur","Impôt sur le revenu","Convention du 15 décembre 1994 (Journal officiel du 30 novembre 1996)","false","https://www.impots.gouv.fr/sites/default/files/media/10_conventions/bolivie/bolivie_convention-avec-la-bolivie_fd_1731.pdf","","",""
"Bosnie-Herzégovine","BA","070","IR","inforce","en vigueur","Impôt sur le revenu","Convention du 28 mars 1974 (ex-Yougoslavie) (Journal officiel du 13 septembre 1975)","false","https://www.impots.gouv.fr/sites/default/files/media/10_conventions/bosnie-herzegovine/version_consolidee_de_la_convention_applicable_entre_la_bosnie-herzegovine_et_la_france_modifiee_par_la_convention_multilaterale.pdf","https://www.impots.gouv.fr/sites/default/files/media/10_conventions/ex_yougoslavie/convention-avec-l-ex-yougoslavie_fd_1730.pdf","",""
"Bosnie-Herzégovine","BA","070","IR","inforce","en vigueur","Impôt sur le revenu","Échange de lettres des 3 et 4 décembre 2003 (Journal officiel du 31 janvier 2004)","true","https://www.impots.gouv.fr/sites/default/files/media/10_conventions/bosnie-herzegovine/version_consolidee_de_la_convention_applicable_entre_la_bosnie-herzegovine_et_la_france_modifiee_par_la_convention_multilaterale.pdf","https://www.impots.gouv.fr/sites/default/files/media/10_conventions/ex_yougoslavie/convention-avec-l-ex-yougoslavie_fd_1730.pdf","",""
"Botswana","BW","072","IR","inforce","en vigueur","Impôt sur le revenu","Convention du 15 avril 1999 (Journal officiel du 12 juin 2003)","false","https://www.impots.gouv.fr/sites/default/files/media/10_conventions/botswana/Convention_avec%20_le_Botswana_modifiee_par_l_avenant_entre_en_vigueur_le_20210101.pdf","","",""
"Botswana","BW","072","IR","inforce","en vigueur","Impôt sur le revenu","Avenant du 27 juillet 2017 (Journal officiel du 29 septembre 2021)","false","https://www.impots.gouv.fr/sites/default/files/media/10_conventions/botswana/Convention_avec%20_le_Botswana_modifiee_par_l_avenant_entre_en_vigueur_le_20210101.pdf","","",""
"Brésil","BR","076","IR","inforce","en vigueur","Impôt sur le revenu","Convention du 10 septembre 1971 (Journal officiel du 28 novembre 1972)","false","https://www.impots.gouv.fr/sites/default/files/media/10_conventions/bresil/bresil_convention-avec-le-bresil_fd_1799.pdf","","",""
"Brésil","BR","076","IR","inforce","en vigueur","Impôt sur le revenu","Échange de lettres des 5 février et 4 mars 1974","true","https://www.impots.gouv.fr/sites/default/files/media/10_conventions/bresil/bresil_convention-avec-le-bresil_fd_1799.pdf","","",""
"Bulgarie","BG","100","IR","inforce","en vigueur","Impôt sur le revenu","Convention du 14 mars 1987 (Journal officiel du 19 avril 1988)","false","https://www.impots.gouv.fr/sites/default/files/media/10_conventions/bulgarie/bulgarie_convention_ir_modifiee_cml.pdf","","",""
"Burkina Faso","BF","854","IR|S|DE","susp","dénoncée","Impôt sur le revenu","Convention et échange de lettres du 11 août 1965 (Journal officiel du 1er juin 1967)","false","https://www.impots.gouv.fr/sites/default/files/media/10_conventions/burkina-faso/version-consolidee-burkina-faso.pdf","","",""
"Burkina Faso","BF","854","IR|S|DE","susp","dénoncée","Impôt sur le revenu","Avenant du 3 juin 1971 (Journal officiel du 17 mai 1975)","false","https://www.impots.gouv.fr/sites/default/files/media/10_conventions/burkina-faso/version-consolidee-burkina-faso.pdf","","",""
"Cameroun","CM","120","IR|S|DE","inforce","en vigueur","Impôt sur le revenu","Convention et échange de lettres du 21 octobre 1976 (Journal officiel du 11 septembre 1979)","false","https://www.impots.gouv.fr/sites/default/files/media/10_conventions/cameroun/convention-avec-le-cameroun-modifiee-par-la-cml.pdf","","",""
"Cameroun","CM","120","IR|S|DE","inforce","en vigueur","Impôt sur le revenu","Avenant du 31 mars 1994 (Journal officiel du 26 janvier 1997)","false","https://www.impots.gouv.fr/sites/default/files/media/10_conventions/cameroun/convention-avec-le-cameroun-modifiee-par-la-cml.pdf","","",""
"Cameroun","CM","120","IR|S|DE","inforce","en vigueur","Impôt sur le revenu","Avenant du 28 octobre 1999 (Journal officiel du 11 janvier 2003)","false","https://www.impots.gouv.fr/sites/default/files/media/10_conventions/cameroun/convention-avec-le-cameroun-modifiee-par-la-cml.pdf","","",""
"Canada","CA","124","IR|IF|SP|DP","inforce","en vigueur","Impôt sur le revenu","Convention du 2 mai 1975 (Journal officiel du 10 octobre 1976)","false","https://www.impots.gouv.fr/sites/default/files/media/10_conventions/canada/convention_avec_le_canada_modifiee_par_la_cml.pdf","","",""
"Canada","CA","124","IR|IF|SP|DP","inforce","en vigueur","Impôt sur le revenu","Avenant du 16 janvier 1987 (Journal officiel du 13 octobre 1988)","false","https://www.impots.gouv.fr/sites/default/files/media/10_conventions/canada/convention_avec_le_canada_modifiee_par_la_cml.pdf","","",""
"Canada","CA","124","IR|IF|SP|DP","inforce","en vigueur","Impôt sur le revenu","Avenant du 30 novembre 1995 (Journal officiel du 16 septembre 1998)","false","https://www.impots.gouv.fr/sites/default/files/media/10_conventions/canada/convention_avec_le_canada_modifiee_par_la_cml.pdf","","",""
"Canada","CA","124","IR|IF|SP|DP","inforce","en vigueur","Impôt sur le revenu","Avenant du 2 février 2010 (Journal officiel du 15 janvier 2014)","false","https://www.impots.gouv.fr/sites/default/files/media/10_conventions/canada/convention_avec_le_canada_modifiee_par_la_cml.pdf","","",""
"Chili","CL","152","IR|IF","inforce","en vigueur","Impôt sur le revenu","Convention du 7 juin 2004 (Journal officiel du 3 septembre 2006)","false","https://www.impots.gouv.fr/sites/default/files/media/10_conventions/chili/25247_chili_version_consolidee_cml_clause_nation_plus_favorisee.pdf","","",""
"Chine","CN","156","IR","inforce","en vigueur","Impôt sur le revenu","Convention du 26 novembre 2013 (Journal officiel du 3 janvier 2015, rectificatif du 17 janvier 2015 et du 28 février 2015)","false","https://www.impots.gouv.fr/sites/default/files/media/10_conventions/chine/nid_26158_version_consolidee_accord_chine_france_modifie_par_convention_multilaterale.pdf","https://www.impots.gouv.fr/sites/default/files/media/10_conventions/chine/chine_accord-avec-la-chine-du-30.05.1984-abroge_fd_1741.pdf","",""
"Chypre","CY","196","IR|IF","inforce","en vigueur","Impôt sur le revenu","Convention du 18 décembre 1981 (Journal officiel du 30 mars 1983)","false","https://www.impots.gouv.fr/sites/default/files/media/10_conventions/chypre/version_consolidee_de_la_convention_avec_chypre_modifiee_par_la_convention_multilaterale.pdf","","Convention signée le 11 décembre 2023","https://www.impots.gouv.fr/convention-avec-chypre-signee-le-11122023-non-entree-en-vigueur"
"Colombie","CO","170","IR|IF","inforce","en vigueur","Impôt sur le revenu","Convention du 25 juin 2015 (Journal officiel du 23 janvier 2022)","false","https://www.impots.gouv.fr/sites/default/files/media/10_conventions/colombie/colombie_25_06_2015.pdf","","",""
"Congo","CG","178","IR|S|DE","inforce","en vigueur","Impôt sur le revenu","Convention du 27 novembre 1987 (Journal officiel du 15 septembre 1989)","false","https://www.impots.gouv.fr/sites/default/files/media/10_conventions/congo/congo_convention-avec-le-congo_fd_1820.pdf","","",""
"Corée du Sud","KR","410","IR","inforce","en vigueur","Impôt sur le revenu","Convention du 19 juin 1979 (Journal officiel du 6 février 1981)","false","https://www.impots.gouv.fr/sites/default/files/media/10_conventions/coree_du_sud/coree-du-sud_consolidee_modifiee_convention_multilaterale.pdf.pdf","","",""
"Corée du Sud","KR","410","IR","inforce","en vigueur","Impôt sur le revenu","Avenant du 9 avril 1991 (Journal officiel du 3 juin 1992)","false","https://www.impots.gouv.fr/sites/default/files/media/10_conventions/coree_du_sud/coree-du-sud_consolidee_modifiee_convention_multilaterale.pdf.pdf","","",""
"Côte d'Ivoire","CI","384","IR|IF|S|DE","inforce","en vigueur","Impôt sur le revenu","Convention et échange de lettres du 6 avril 1966 (Journal officiel du 22 janvier 1969)","false","https://www.impots.gouv.fr/sites/default/files/media/10_conventions/cote_d_ivoire/27129_cote-ivoire-version-consolidee-cml.pdf","https://www.impots.gouv.fr/10conventionscotedivoirecote-d-ivoireconvention-avec-la-cote-d-ivoirefd1853pdf","",""
"Côte d'Ivoire","CI","384","IR|IF|S|DE","inforce","en vigueur","Impôt sur le revenu","Avenant du 25 février 1985 (Journal officiel du 25 février 1989)","false","https://www.impots.gouv.fr/sites/default/files/media/10_conventions/cote_d_ivoire/27129_cote-ivoire-version-consolidee-cml.pdf","https://www.impots.gouv.fr/10conventionscotedivoirecote-d-ivoireconvention-avec-la-cote-d-ivoirefd1853pdf","",""
"Côte d'Ivoire","CI","384","IR|IF|S|DE","inforce","en vigueur","Impôt sur le revenu","Avenant du 19 octobre 1993 (Journal officiel du 6 mai 1995)","false","https://www.impots.gouv.fr/sites/default/files/media/10_conventions/cote_d_ivoire/27129_cote-ivoire-version-consolidee-cml.pdf","https://www.impots.gouv.fr/10conventionscotedivoirecote-d-ivoireconvention-avec-la-cote-d-ivoirefd1853pdf","",""
"Côte d'Ivoire","CI","384","IR|IF|S|DE","inforce","en vigueur","Impôt sur le revenu","Échange de lettres des 16 mai et 14 juin 1995 (Journal officiel du 30 novembre 1995)","true","https://www.impots.gouv.fr/sites/default/files/media/10_conventions/cote_d_ivoire/27129_cote-ivoire-version-consolidee-cml.pdf","https://www.impots.gouv.fr/10conventionscotedivoirecote-d-ivoireconvention-avec-la-cote-d-ivoirefd1853pdf","",""
"Croatie","HR","191","IR","inforce","en vigueur","Impôt sur le revenu","Convention du 19 juin 2003 (Journal officiel du 21 octobre 2005)","false","https://www.impots.gouv.fr/sites/default/files/media/10_conventions/croatie/version_consolidee_convention_croatie_modifiee_par_convention_multilaterale.pdf","","",""
"Danemark","DK","208","IR","inforce","en vigueur","Impôt sur le revenu","Convention du 4 février 2022 (Journal officiel du 7 janvier 2024)","false","https://www.impots.gouv.fr/sites/default/files/media/10_conventions/danemark/convention-avec-le-danemark.2022.pdf","","",""
"Égypte","EG","818","IR|IF","inforce","en vigueur","Impôt sur le revenu","Convention du 19 juin 1980 (Journal officiel du 25 janvier 1983)","false","https://www.impots.gouv.fr/sites/default/files/media/10_conventions/egypte/version-consolidee-egypte.pdf","","",""
"Égypte","EG","818","IR|IF","inforce","en vigueur","Impôt sur le revenu","Avenant du 1er mai 1999 (Journal officiel du 22 mai 2004)","false","https://www.impots.gouv.fr/sites/default/files/media/10_conventions/egypte/version-consolidee-egypte.pdf","","",""
"Émirats arabes unis","AE","784","IR|IF|S","inforce","en vigueur","Impôt sur le revenu","Convention et échange de lettres du 19 juillet 1989 (Journal officiel du 19 juillet 1990)","false","https://www.impots.gouv.fr/sites/default/files/media/10_conventions/emirats_arabes_unis/emirats_convention_cml.pdf","","",""
"Émirats arabes unis","AE","784","IR|IF|S","inforce","en vigueur","Impôt sur le revenu","Avenant du 6 décembre 1993 (Journal officiel du 21 juin 1995)","false","https://www.impots.gouv.fr/sites/default/files/media/10_conventions/emirats_arabes_unis/emirats_convention_cml.pdf","","",""
"Équateur","EC","218","IR","inforce","en vigueur","Impôt sur le revenu","Convention du 16 mars 1989 (Journal officiel du 8 mai 1992)","false","https://www.impots.gouv.fr/sites/default/files/media/10_conventions/equateur/equateur_convention-avec-l-equateur_fd_1823.pdf","","",""
"Espagne","ES","724","IR|IF|S","inforce","en vigueur","Impôt sur le revenu","Convention du 10 octobre 1995 (Journal officiel du 11 juillet 1997)","false","https://www.impots.gouv.fr/sites/default/files/media/10_conventions/espagne/version-consolidee-de-la-convention-entre-la-france-et-lespagne-modifiee-par-la-convention-multilaterale.pdf","https://www.impots.gouv.fr/sites/default/files/media/10_conventions/espagne/espagne_convention-avec-l-espagne-successions_fd_1427.pdf","",""
"Espagne","ES","724","IR|IF|S","inforce","en vigueur","Impôt sur le revenu","Échange de lettres du 19 février 1998","true","https://www.impots.gouv.fr/sites/default/files/media/10_conventions/espagne/version-consolidee-de-la-convention-entre-la-france-et-lespagne-modifiee-par-la-convention-multilaterale.pdf","https://www.impots.gouv.fr/sites/default/files/media/10_conventions/espagne/espagne_convention-avec-l-espagne-successions_fd_1427.pdf","",""
"Espagne","ES","724","IR|IF|S","inforce","en vigueur","Impôt sur le revenu","Échange de lettres du 26 novembre 2002","true","https://www.impots.gouv.fr/sites/default/files/media/10_conventions/espagne/version-consolidee-de-la-convention-entre-la-france-et-lespagne-modifiee-par-la-convention-multilaterale.pdf","https://www.impots.gouv.fr/sites/default/files/media/10_conventions/espagne/espagne_convention-avec-l-espagne-successions_fd_1427.pdf","",""
"Espagne","ES","724","IR|IF|S","inforce","en vigueur","Impôt sur le revenu","Échange de lettres des 1er mars et 22 avril 2005","true","https://www.impots.gouv.fr/sites/default/files/media/10_conventions/espagne/version-consolidee-de-la-convention-entre-la-france-et-lespagne-modifiee-par-la-convention-multilaterale.pdf","https://www.impots.gouv.fr/sites/default/files/media/10_conventions/espagne/espagne_convention-avec-l-espagne-successions_fd_1427.pdf","",""
"Espagne","ES","724","IR|IF|S","inforce","en vigueur","Impôt sur le revenu","Échange de lettres des 22 décembre 2003 et 1er mars 2005","true","https://www.impots.gouv.fr/sites/default/files/media/10_conventions/espagne/version-consolidee-de-la-convention-entre-la-france-et-lespagne-modifiee-par-la-convention-multilaterale.pdf","https://www.impots.gouv.fr/sites/default/files/media/10_conventions/espagne/espagne_convention-avec-l-espagne-successions_fd_1427.pdf","",""
"Espagne","ES","724","IR|IF|S","inforce","en vigueur","Successions","Convention du 8 janvier 1963 (Journal officiel du 7 janvier 1964 et rectificatif du 22 janvier 1964)","false","https://www.impots.gouv.fr/sites/default/files/media/10_conventions/espagne/version-consolidee-de-la-convention-entre-la-france-et-lespagne-modifiee-par-la-convention-multilaterale.pdf","https://www.impots.gouv.fr/sites/default/files/media/10_conventions/espagne/espagne_convention-avec-l-espagne-successions_fd_1427.pdf","",""
"Estonie","EE","233","IR|IF","inforce","en vigueur","Impôt sur le revenu","Convention du 28 octobre 1997 (Journal officiel du 31 mai 2001)","false","https://www.impots.gouv.fr/sites/default/files/media/10_conventions/estonie/estonie_version_consolidee_npf.pdf","https://www.legifrance.gouv.fr/jorf/id/JORFTEXT000000768799","",""
"États-Unis","US","840","IR|IF|S|D","inforce","en vigueur","Impôt sur le revenu","Convention des 31 août 1994 et EDL 19 et 20 décembre 1994 (Journal officiel du 22 mars 1996)","false","https://www.impots.gouv.fr/sites/default/files/media/10_conventions/etats-unis/etats-unis_convention-avec-les-etats-unis-impot-sur-le-revenu-impot-sur-la-fortune_fd_1835.pdf","https://www.impots.gouv.fr/sites/default/files/media/10_conventions/etats-unis/etats-unis_convention-avec-les-etats-unis-successions-donations_fd_1836.pdf","",""
"États-Unis","US","840","IR|IF|S|D","inforce","en vigueur","Impôt sur le revenu","Avenant du 8 décembre 2004 (Journal officiel du 24 janvier 2007)","false","https://www.impots.gouv.fr/sites/default/files/media/10_conventions/etats-unis/etats-unis_convention-avec-les-etats-unis-impot-sur-le-revenu-impot-sur-la-fortune_fd_1835.pdf","https://www.impots.gouv.fr/sites/default/files/media/10_conventions/etats-unis/etats-unis_convention-avec-les-etats-unis-successions-donations_fd_1836.pdf","",""
"États-Unis","US","840","IR|IF|S|D","inforce","en vigueur","Impôt sur le revenu","Avenant du 13 janvier 2009 (Journal officiel du 10 janvier 2010)","false","https://www.impots.gouv.fr/sites/default/files/media/10_conventions/etats-unis/etats-unis_convention-avec-les-etats-unis-impot-sur-le-revenu-impot-sur-la-fortune_fd_1835.pdf","https://www.impots.gouv.fr/sites/default/files/media/10_conventions/etats-unis/etats-unis_convention-avec-les-etats-unis-successions-donations_fd_1836.pdf","",""
"États-Unis","US","840","IR|IF|S|D","inforce","en vigueur","Successions et donations","Convention du 24 novembre 1978 (Journal officiel du 1er octobre 1980)","false","https://www.impots.gouv.fr/sites/default/files/media/10_conventions/etats-unis/etats-unis_convention-avec-les-etats-unis-impot-sur-le-revenu-impot-sur-la-fortune_fd_1835.pdf","https://www.impots.gouv.fr/sites/default/files/media/10_conventions/etats-unis/etats-unis_convention-avec-les-etats-unis-successions-donations_fd_1836.pdf","",""
"États-Unis","US","840","IR|IF|S|D","inforce","en vigueur","Successions et donations","Avenant du 8 décembre 2004 (Journal officiel du 24 janvier 2007)","false","https://www.impots.gouv.fr/sites/default/files/media/10_conventions/etats-unis/etats-unis_convention-avec-les-etats-unis-impot-sur-le-revenu-impot-sur-la-fortune_fd_1835.pdf","https://www.impots.gouv.fr/sites/default/files/media/10_conventions/etats-unis/etats-unis_convention-avec-les-etats-unis-successions-donations_fd_1836.pdf","",""
"Éthiopie","ET","231","IR","inforce","en vigueur","Impôt sur le revenu","Convention du 15 juin 2006 (Journal officiel du 31 juillet 2008)","false","https://www.impots.gouv.fr/sites/default/files/media/10_conventions/ethiopie/ethiopie_convention.pdf","","",""
"Finlande","FI","246","IR|IF|S","inforce","en vigueur","Impôt sur le revenu","Convention du 11 septembre 1970 (Journal officiel du 22 avril 1972)","false","https://www.impots.gouv.fr/sites/default/files/media/10_conventions/finlande/version-consolidee-cml-finlande.pdf","https://www.impots.gouv.fr/sites/default/files/media/10_conventions/finlande/finlande_convention-avec-la-finlande-droits-de-mutation-par-deces_fd_1852.pdf","Convention signée le 4 avril 2023","https://www.impots.gouv.fr/convention-avec-la-finlande-signee-le-04042023-non-entree-en-vigueur"
"Finlande","FI","246","IR|IF|S","inforce","en vigueur","Successions","Convention du 25 août 1958 (Journal officiel du 27 août 1959)","false","https://www.impots.gouv.fr/sites/default/files/media/10_conventions/finlande/version-consolidee-cml-finlande.pdf","https://www.impots.gouv.fr/sites/default/files/media/10_conventions/finlande/finlande_convention-avec-la-finlande-droits-de-mutation-par-deces_fd_1852.pdf","Convention signée le 4 avril 2023","https://www.impots.gouv.fr/convention-avec-la-finlande-signee-le-04042023-non-entree-en-vigueur"
"Gabon","GA","266","IR|IF|S|DE","inforce","en vigueur","Impôt sur le revenu","Convention du 20 septembre 1995 (Journal officiel du 23 mars 2008)","false","https://www.impots.gouv.fr/sites/default/files/media/10_conventions/gabon/gabon_gabon-1995_fd_4673.pdf","","",""
"Géorgie","GE","268","IR|IF","inforce","en vigueur","Impôt sur le revenu","Convention du 7 mars 2007 (Journal officiel du 3 juin 2010)","false","https://www.impots.gouv.fr/sites/default/files/media/10_conventions/georgie/convention_avec_la_georgie_modifiee_par_la_cml.pdf","","",""
"Ghana","GH","288","IR","inforce","en vigueur","Impôt sur le revenu","Convention du 5 avril 1993 (Journal officiel du 14 mai 1997)","false","https://www.impots.gouv.fr/sites/default/files/media/10_conventions/ghana/ghana_convention-avec-le-ghana_fd_1837.pdf","","",""
"Grèce","GR","300","IR","inforce","en vigueur","Impôt sur le revenu","Convention du 11 mai 2022 (Journal officiel du 10 janvier 2024)","false","https://www.impots.gouv.fr/sites/default/files/media/10_conventions/grece/nid_26932_grece_2022.pdf","","",""
"Guinée","GN","324","IR|IF|S|D","inforce","en vigueur","Impôt sur le revenu","Convention du 15 février 1999 (Journal officiel du 26 septembre 2004)","false","https://www.impots.gouv.fr/sites/default/files/media/10_conventions/guinee/guinee_convention-avec-la-guinee_fd_2923.pdf","","",""
"Hong Kong","HK","344","IR|IF","inforce","en vigueur","Impôt sur le revenu","Convention du 21 octobre 2010 (Journal officiel du 7 décembre 2011)","false","https://www.impots.gouv.fr/sites/default/files/media/10_conventions/hong_kong/version-consolidee-de-laccord-entre-hong-kong-et-la-france-modifie-par-la-convention-multilaterale.pdf","","",""
"Hongrie","HU","348","IR|IF","inforce","en vigueur","Impôt sur le revenu","Convention du 28 avril 1980 (Journal officiel du 6 janvier 1982)","false","https://www.impots.gouv.fr/sites/default/files/media/10_conventions/hongrie/hongrie_convention_modifiee_cml.pdf","","",""
"Île Maurice","MU","480","IR|IF","inforce","en vigueur","Impôt sur le revenu","Convention du 11 décembre 1980 (Journal officiel du 27 octobre 1982)","false","https://www.impots.gouv.fr/sites/default/files/media/10_conventions/ile_maurice/convention_avec_l_ile_maurice_modifiee_par_la_cml_v2.pdf","","",""
"Île Maurice","MU","480","IR|IF","inforce","en vigueur","Impôt sur le revenu","Avenant du 23 juin 2011 (Journal officiel du 27 juin 2012)","false","https://www.impots.gouv.fr/sites/default/files/media/10_conventions/ile_maurice/convention_avec_l_ile_maurice_modifiee_par_la_cml_v2.pdf","","",""
"Inde","IN","356","IR|IF","inforce","en vigueur","Impôt sur le revenu","Convention du 29 septembre 1992 (Journal officiel du 6 août 1994)","false","https://www.impots.gouv.fr/sites/default/files/media/10_conventions/inde/version_consolidee_de_la_convention_avec_inde_modifiee_par_la_convention_multilaterale.pdf","","Avenant signé le 18 février 2026","https://www.impots.gouv.fr/avenant-la-convention-avec-linde-signe-le-18022026-non-entre-en-vigueur"
"Indonésie","ID","360","IR|IF","inforce","en vigueur","Impôt sur le revenu","Convention du 14 septembre 1979 (Journal officiel du 14 avril 1981)","false","https://www.impots.gouv.fr/sites/default/files/media/10_conventions/indonesie/Convention%20avec%20l%20Indonesie%20modifiee%20par%20la%20CML.pdf","","",""
"Iran","IR","364","IR","inforce","en vigueur","Impôt sur le revenu","Convention du 7 novembre 1973 (Journal officiel du 30 avril 1975)","false","https://www.impots.gouv.fr/sites/default/files/media/10_conventions/iran/iran_convention-avec-l-iran_fd_1881.pdf","","",""
"Irlande","IE","372","IR","inforce","en vigueur","Impôt sur le revenu","Convention du 21 mars 1968 (Journal officiel du 10 septembre 1971)","false","https://www.impots.gouv.fr/sites/default/files/media/10_conventions/irlande/irlande_modifiee_cml_20190805.pdf","","",""
"Islande","IS","352","IR","inforce","en vigueur","Impôt sur le revenu","Convention du 29 août 1990 (Journal officiel du 23 juin 1992)","false","https://www.impots.gouv.fr/sites/default/files/media/10_conventions/islande/version_consolidee_de_la_convention_avec_lislande_modifiee_par_la_convention_multilaterale.pdf","","",""
"Israël","IL","376","IR|IF","inforce","en vigueur","Impôt sur le revenu","Convention du 31 juillet 1995 (Journal officiel du 18 septembre 1996)","false","https://www.impots.gouv.fr/sites/default/files/media/10_conventions/israel/israel_convention_cml.pdf","","",""
"Italie","IT","380","IR|IF|S|D","inforce","en vigueur","Impôt sur le revenu","Convention et échange de lettres du 5 octobre 1989 (Journal officiel du 8 mai 1992 et rectificatif du 27 février 1993)","false","https://www.impots.gouv.fr/sites/default/files/media/10_conventions/italie/italie_convention-avec-l-italie-impot-sur-le-revenu-impot-sur-la-fortune_fd_1736.pdf","https://www.impots.gouv.fr/sites/default/files/media/10_conventions/italie/italie_convention-avec-l-italie-successions_fd_1781.pdf","",""
"Italie","IT","380","IR|IF|S|D","inforce","en vigueur","Impôt sur le revenu","Échange de lettres des 7 et 28 juillet 1998","true","https://www.impots.gouv.fr/sites/default/files/media/10_conventions/italie/italie_convention-avec-l-italie-impot-sur-le-revenu-impot-sur-la-fortune_fd_1736.pdf","https://www.impots.gouv.fr/sites/default/files/media/10_conventions/italie/italie_convention-avec-l-italie-successions_fd_1781.pdf","",""
"Italie","IT","380","IR|IF|S|D","inforce","en vigueur","Impôt sur le revenu","Échange de lettres du 20 décembre 2000","true","https://www.impots.gouv.fr/sites/default/files/media/10_conventions/italie/italie_convention-avec-l-italie-impot-sur-le-revenu-impot-sur-la-fortune_fd_1736.pdf","https://www.impots.gouv.fr/sites/default/files/media/10_conventions/italie/italie_convention-avec-l-italie-successions_fd_1781.pdf","",""
"Italie","IT","380","IR|IF|S|D","inforce","en vigueur","Successions et donations","Convention du 20 décembre 1990 (Journal officiel du 4 avril 1995)","false","https://www.impots.gouv.fr/sites/default/files/media/10_conventions/italie/italie_convention-avec-l-italie-impot-sur-le-revenu-impot-sur-la-fortune_fd_1736.pdf","https://www.impots.gouv.fr/sites/default/files/media/10_conventions/italie/italie_convention-avec-l-italie-successions_fd_1781.pdf","",""
"Jamaïque","JM","388","IR","inforce","en vigueur","Impôt sur le revenu","Convention du 9 août 1995 (Journal officiel du 9 octobre 1998)","false","https://www.impots.gouv.fr/sites/default/files/media/10_conventions/jamaique/jamaique_convention-avec-la-jamaique_fd_1857.pdf","","",""
"Japon","JP","392","IR","inforce","en vigueur","Impôt sur le revenu","Convention du 3 mars 1995 (Journal officiel du 16 mai 1996)","false","https://www.impots.gouv.fr/sites/default/files/media/10_conventions/japon/japon-convention-cml.pdf","https://treaties.un.org/doc/Publication/UNTS/Volume%20569/v569.pdf|https://www.senat.fr/leg/1980-1981/i1980_1981_0298.pdf|https://www.impots.gouv.fr/sites/default/files/media/10_conventions/japon/japon_convention-avec-le-japon-modifiee-par-l-avenant-entre-en-vigueur-le-01.12.2007_fd_1917.pdf","",""
"Japon","JP","392","IR","inforce","en vigueur","Impôt sur le revenu","Avenant et échange de lettres du 11 janvier 2007 (Journal officiel du 29 novembre 2007)","false","https://www.impots.gouv.fr/sites/default/files/media/10_conventions/japon/japon-convention-cml.pdf","https://treaties.un.org/doc/Publication/UNTS/Volume%20569/v569.pdf|https://www.senat.fr/leg/1980-1981/i1980_1981_0298.pdf|https://www.impots.gouv.fr/sites/default/files/media/10_conventions/japon/japon_convention-avec-le-japon-modifiee-par-l-avenant-entre-en-vigueur-le-01.12.2007_fd_1917.pdf","",""
"Jordanie","JO","400","IR","inforce","en vigueur","Impôt sur le revenu","Convention et échange de lettres du 28 mai 1984 (Journal officiel du 10 avril 1985)","false","https://www.impots.gouv.fr/sites/default/files/media/10_conventions/jordanie/jordanie_convention_modifiee_cml.pdf","https://www.impots.gouv.fr/sites/default/files/media/10_conventions/jordanie/jordanie_convention-avec-la-jordanie_fd_1911.pdf","",""
"Kazakhstan","KZ","398","IR|IF","inforce","en vigueur","Impôt sur le revenu","Convention du 3 février 1998 (Journal officiel du 12 octobre 2000)","false","https://www.impots.gouv.fr/sites/default/files/media/10_conventions/kazakhstan/kazakhstan_modifiee_cml.pdf","","",""
"Kenya","KE","404","IR","inforce","en vigueur","Impôt sur le revenu","Convention du 4 décembre 2007 (Journal officiel du 14 novembre 2010)","false","https://www.impots.gouv.fr/sites/default/files/media/10_conventions/kenya/nid_26934_kenya_modifiee_cml_clause_npf.pdf","https://www.impots.gouv.fr/sites/default/files/media/10_conventions/kenya/kenya_convention-avec-le-kenya-signee-le-04.12.2007-en-vigueur-au-01.11.2010_fd_6194.pdf","",""
"Kirghizistan","KG","417","IR","inforce","en vigueur","Impôt sur le revenu","Convention du 4 octobre 1985 (ex-URSS) (Journal officiel du 28 mai 1987)","false","https://www.impots.gouv.fr/sites/default/files/media/10_conventions/ex_urss/fichedescriptive_62371.pdf","","",""
"Kirghizistan","KG","417","IR","inforce","en vigueur","Impôt sur le revenu","Échange de lettres du 14 mars 1967 (Journal officiel du 21 mars 1968)","true","https://www.impots.gouv.fr/sites/default/files/media/10_conventions/ex_urss/fichedescriptive_62371.pdf","","",""
"Kosovo","XK","383","IR","inforce","en vigueur","Impôt sur le revenu","Convention du 28 mars 1974 (ex-Yougoslavie) (Journal officiel du 13 septembre 1975)","false","https://www.impots.gouv.fr/sites/default/files/media/10_conventions/ex_yougoslavie/convention-avec-l-ex-yougoslavie_fd_1730.pdf","","",""
"Kosovo","XK","383","IR","inforce","en vigueur","Impôt sur le revenu","Échange de lettres des 4 et 6 février 2013 (Journal officiel du 26 avril 2013)","true","https://www.impots.gouv.fr/sites/default/files/media/10_conventions/ex_yougoslavie/convention-avec-l-ex-yougoslavie_fd_1730.pdf","","",""
"Koweït","KW","414","IR|IF|S","inforce","en vigueur","Impôt sur le revenu","Convention du 7 février 1982 (Journal officiel du 15 septembre 1983 et rectificatif du 1er décembre 1983)","false","https://www.impots.gouv.fr/sites/default/files/media/10_conventions/koweit/koweit_convention-avec-le-koweit_fd_1912.pdf","","",""
"Koweït","KW","414","IR|IF|S","inforce","en vigueur","Impôt sur le revenu","Échange de lettres des 17 août et 18 octobre 1988 (Journal officiel du 13 juillet 1989)","true","https://www.impots.gouv.fr/sites/default/files/media/10_conventions/koweit/koweit_convention-avec-le-koweit_fd_1912.pdf","","",""
"Koweït","KW","414","IR|IF|S","inforce","en vigueur","Impôt sur le revenu","Avenant du 27 septembre 1989 (Journal officiel du 26 septembre 1991)","false","https://www.impots.gouv.fr/sites/default/files/media/10_conventions/koweit/koweit_convention-avec-le-koweit_fd_1912.pdf","","",""
"Koweït","KW","414","IR|IF|S","inforce","en vigueur","Impôt sur le revenu","Avenant du 27 janvier 1994 (Journal officiel du 10 mars 1995)","false","https://www.impots.gouv.fr/sites/default/files/media/10_conventions/koweit/koweit_convention-avec-le-koweit_fd_1912.pdf","","",""
"Lettonie","LV","428","IR|IF","inforce","en vigueur","Impôt sur le revenu","Convention du 14 avril 1997 (Journal officiel du 30 mai 2001)","false","https://www.impots.gouv.fr/sites/default/files/media/10_conventions/lettonie/lettonie---version-consolidee-cml--npf.pdf","https://www.legifrance.gouv.fr/jorf/id/JORFTEXT000000589224","",""
"Liban","LB","422","IR|S","inforce","en vigueur","Impôt sur le revenu","Convention du 24 juillet 1962 (Journal officiel du 8 janvier 1964 et rectificatif du 4 février 1964)","false","https://www.impots.gouv.fr/sites/default/files/media/10_conventions/liban/liban_convention-avec-le-liban_fd_1916.pdf","","",""
"Libye","LY","434","IR","inforce","en vigueur","Impôt sur le revenu","Convention du 22 décembre 2005 (Journal officiel du 19 septembre 2008)","false","https://www.impots.gouv.fr/sites/default/files/media/10_conventions/libye/libye_convention-avec-la-libye-signee-le-22.12.05-texte-entre-en-vigueur-le-01.07.2008_fd_3713.pdf","","",""
"Lituanie","LT","440","IR|IF","inforce","en vigueur","Impôt sur le revenu","Convention du 7 juillet 1997 (Journal officiel du 11 mai 2001)","false","https://www.impots.gouv.fr/sites/default/files/media/10_conventions/lituanie/nid_12909_convention_avec_la_lituanie_modifiee_par_la_cml.pdf","https://www.legifrance.gouv.fr/jorf/id/JORFTEXT000000390615","",""
"Luxembourg","LU","442","IR|IF","inforce","en vigueur","Impôt sur le revenu","Convention du 20 mars 2018 (Journal officiel du 4 décembre 2019)","false","https://www.impots.gouv.fr/sites/default/files/media/10_conventions/luxembourg/nid_13316_convention_fr_lux_consolidee.pdf","https://www.impots.gouv.fr/sites/default/files/media/10_conventions/luxembourg/luxembourg_2017_04_28.pdf","",""
"Luxembourg","LU","442","IR|IF","inforce","en vigueur","Impôt sur le revenu","Avenant du 10 octobre 2019 (Journal officiel du 27 mars 2021)","false","https://www.impots.gouv.fr/sites/default/files/media/10_conventions/luxembourg/nid_13316_convention_fr_lux_consolidee.pdf","https://www.impots.gouv.fr/sites/default/files/media/10_conventions/luxembourg/luxembourg_2017_04_28.pdf","",""
"Luxembourg","LU","442","IR|IF","inforce","en vigueur","Impôt sur le revenu","Avenant du 7 novembre 2022 (Journal officiel du 29 avril 2025)","false","https://www.impots.gouv.fr/sites/default/files/media/10_conventions/luxembourg/nid_13316_convention_fr_lux_consolidee.pdf","https://www.impots.gouv.fr/sites/default/files/media/10_conventions/luxembourg/luxembourg_2017_04_28.pdf","",""
"Macédoine du Nord","MK","807","IR|IF","inforce","en vigueur","Impôt sur le revenu","Convention du 10 février 1999 (Journal officiel du 3 juillet 2004)","false","https://www.impots.gouv.fr/sites/default/files/media/10_conventions/macedoine/nid_6149_macedoine.pdf","","",""
"Madagascar","MG","450","IR","inforce","en vigueur","Impôt sur le revenu","Convention et échange de lettres du 22 juillet 1983 (Journal officiel du 11 décembre 1984 et rectificatif du 9 mars 1985)","false","https://www.impots.gouv.fr/sites/default/files/media/10_conventions/madagascar/madagascar_convention-avec-madagascar_fd_1918.pdf","","",""
"Malaisie","MY","458","IR","inforce","en vigueur","Impôt sur le revenu","Convention du 24 avril 1975 (Journal officiel du 24 avril 1977)","false","https://www.impots.gouv.fr/sites/default/files/media/10_conventions/malaisie/Convention%20avec%20la%20Malaisie%20modifiee%20par%20la%20CML.pdf","","",""
"Malaisie","MY","458","IR","inforce","en vigueur","Impôt sur le revenu","Avenant du 31 janvier 1991 (Journal officiel du 23 juin 1992)","false","https://www.impots.gouv.fr/sites/default/files/media/10_conventions/malaisie/Convention%20avec%20la%20Malaisie%20modifiee%20par%20la%20CML.pdf","","",""
"Malaisie","MY","458","IR","inforce","en vigueur","Impôt sur le revenu","Avenant du 12 novembre 2009 (Journal officiel du 11 janvier 2011)","false","https://www.impots.gouv.fr/sites/default/files/media/10_conventions/malaisie/Convention%20avec%20la%20Malaisie%20modifiee%20par%20la%20CML.pdf","","",""
"Malawi","MW","454","IR","inforce","en vigueur","Impôt sur le revenu","Convention du 14 décembre 1950 — ancienne convention franco-britannique (Journal officiel des 20 et 21 août 1951)","false","https://www.impots.gouv.fr/sites/default/files/media/10_conventions/malawi/malawi_convention-avec-le-malawi_fd_1958.pdf","","",""
"Malawi","MW","454","IR","inforce","en vigueur","Impôt sur le revenu","Échange de lettres du 5 novembre 1963 (Journal officiel du 15 décembre 1963)","true","https://www.impots.gouv.fr/sites/default/files/media/10_conventions/malawi/malawi_convention-avec-le-malawi_fd_1958.pdf","","",""
"Malawi","MW","454","IR","inforce","en vigueur","Impôt sur le revenu","Échange de lettres du 31 décembre 1963 (Journal officiel du 26 février 1964)","true","https://www.impots.gouv.fr/sites/default/files/media/10_conventions/malawi/malawi_convention-avec-le-malawi_fd_1958.pdf","","",""
"Mali","ML","466","IR|S|DE","susp","dénoncée","Impôt sur le revenu","Convention et échange de lettres du 22 septembre 1972 (Journal officiel du 17 mai 1975)","false","https://www.impots.gouv.fr/sites/default/files/media/10_conventions/mali/mali_convention-avec-le-mali_fd_1919.pdf","","",""
"Malte","MT","470","IR|IF","inforce","en vigueur","Impôt sur le revenu","Convention du 25 juillet 1977 (Journal officiel du 16 novembre 1979)","false","https://www.impots.gouv.fr/sites/default/files/media/10_conventions/malte/accord_avec_malte_modifiee_par_la_cml.pdf","","",""
"Malte","MT","470","IR|IF","inforce","en vigueur","Impôt sur le revenu","Avenant et échange de lettres du 8 juillet 1994 (Journal officiel du 25 septembre 1997)","false","https://www.impots.gouv.fr/sites/default/files/media/10_conventions/malte/accord_avec_malte_modifiee_par_la_cml.pdf","","",""
"Malte","MT","470","IR|IF","inforce","en vigueur","Impôt sur le revenu","Avenant du 29 août 2008 (Journal officiel du 4 juin 2010)","false","https://www.impots.gouv.fr/sites/default/files/media/10_conventions/malte/accord_avec_malte_modifiee_par_la_cml.pdf","","",""
"Maroc","MA","504","IR|SP|DE","inforce","en vigueur","Impôt sur le revenu","Convention et échange de lettres du 29 mai 1970 (Journal officiel du 24 décembre 1971)","false","https://www.impots.gouv.fr/sites/default/files/media/10_conventions/maroc/maroc_convention-avec-le-maroc_fd_2177.pdf","","",""
"Maroc","MA","504","IR|SP|DE","inforce","en vigueur","Impôt sur le revenu","Échange de lettres des 5 et 14 décembre 1983","true","https://www.impots.gouv.fr/sites/default/files/media/10_conventions/maroc/maroc_convention-avec-le-maroc_fd_2177.pdf","","",""
"Maroc","MA","504","IR|SP|DE","inforce","en vigueur","Impôt sur le revenu","Avenant du 18 août 1989 (Journal officiel du 22 décembre 1990 et rectificatif du 28 janvier 1991)","false","https://www.impots.gouv.fr/sites/default/files/media/10_conventions/maroc/maroc_convention-avec-le-maroc_fd_2177.pdf","","",""
"Mauritanie","MR","478","IR|S|DE","inforce","en vigueur","Impôt sur le revenu","Convention et échange de lettres du 15 novembre 1967 (Journal officiel du 27 avril 1969)","false","https://www.impots.gouv.fr/sites/default/files/media/10_conventions/mauritanie/mauritanie_convention-avec-la-mauritanie_fd_1942.pdf","","",""
"Mauritanie","MR","478","IR|S|DE","inforce","en vigueur","Impôt sur le revenu","Échange de lettres du 8 mars 1994","true","https://www.impots.gouv.fr/sites/default/files/media/10_conventions/mauritanie/mauritanie_convention-avec-la-mauritanie_fd_1942.pdf","","",""
"Mexique","MX","484","IR","inforce","en vigueur","Impôt sur le revenu","Convention du 7 novembre 1991 (Journal officiel du 6 mars 1993)","false","https://www.impots.gouv.fr/sites/default/files/media/10_conventions/mexique/version-consolidee-de-la-convention-avec-le-mexique-modifiee-par-la-convention-multilaterale---impots-sur-le-revenu.pdf","","",""
"Moldavie","MD","498","IR","inforce","en vigueur","Impôt sur le revenu","Convention du 15 juin 2022 (Journal officiel du 29 mai 2024)","false","https://www.impots.gouv.fr/sites/default/files/media/10_conventions/moldavie/convention_franco-moldave.pdf","","",""
"Monaco","MC","492","IR|S","inforce","en vigueur","Impôt sur le revenu","Convention et échange de lettres du 18 mai 1963 (Journal officiel du 27 septembre 1963 et rectificatif du 20 décembre 1963)","false","https://www.impots.gouv.fr/sites/default/files/media/10_conventions/monaco/convention_avec_monaco_modifiee_par_la_cml.pdf","https://www.impots.gouv.fr/sites/default/files/media/10_conventions/monaco/monaco_convention-avec-monaco-successions_fd_1968.pdf|https://www.impots.gouv.fr/sites/default/files/media/10_conventions/monaco/monaco_convention-avec-monaco_fd_1967.pdf","",""
"Monaco","MC","492","IR|S","inforce","en vigueur","Impôt sur le revenu","Échange de lettres du 9 décembre 1966 (Journal officiel du 24 février 1967)","true","https://www.impots.gouv.fr/sites/default/files/media/10_conventions/monaco/convention_avec_monaco_modifiee_par_la_cml.pdf","https://www.impots.gouv.fr/sites/default/files/media/10_conventions/monaco/monaco_convention-avec-monaco-successions_fd_1968.pdf|https://www.impots.gouv.fr/sites/default/files/media/10_conventions/monaco/monaco_convention-avec-monaco_fd_1967.pdf","",""
"Monaco","MC","492","IR|S","inforce","en vigueur","Impôt sur le revenu","Échange de lettres du 9 décembre 1966 (Journal officiel du 21 mars 1968)","true","https://www.impots.gouv.fr/sites/default/files/media/10_conventions/monaco/convention_avec_monaco_modifiee_par_la_cml.pdf","https://www.impots.gouv.fr/sites/default/files/media/10_conventions/monaco/monaco_convention-avec-monaco-successions_fd_1968.pdf|https://www.impots.gouv.fr/sites/default/files/media/10_conventions/monaco/monaco_convention-avec-monaco_fd_1967.pdf","",""
"Monaco","MC","492","IR|S","inforce","en vigueur","Impôt sur le revenu","Avenant du 25 juin 1969 (Journal officiel du 25 décembre 1969)","false","https://www.impots.gouv.fr/sites/default/files/media/10_conventions/monaco/convention_avec_monaco_modifiee_par_la_cml.pdf","https://www.impots.gouv.fr/sites/default/files/media/10_conventions/monaco/monaco_convention-avec-monaco-successions_fd_1968.pdf|https://www.impots.gouv.fr/sites/default/files/media/10_conventions/monaco/monaco_convention-avec-monaco_fd_1967.pdf","",""
"Monaco","MC","492","IR|S","inforce","en vigueur","Impôt sur le revenu","Échange de lettres du 6 août 1971 (Journal officiel du 8 janvier 1972)","true","https://www.impots.gouv.fr/sites/default/files/media/10_conventions/monaco/convention_avec_monaco_modifiee_par_la_cml.pdf","https://www.impots.gouv.fr/sites/default/files/media/10_conventions/monaco/monaco_convention-avec-monaco-successions_fd_1968.pdf|https://www.impots.gouv.fr/sites/default/files/media/10_conventions/monaco/monaco_convention-avec-monaco_fd_1967.pdf","",""
"Monaco","MC","492","IR|S","inforce","en vigueur","Impôt sur le revenu","Avenant et échange de lettres du 26 mai 2003 (Journal officiel du 1er septembre 2005)","false","https://www.impots.gouv.fr/sites/default/files/media/10_conventions/monaco/convention_avec_monaco_modifiee_par_la_cml.pdf","https://www.impots.gouv.fr/sites/default/files/media/10_conventions/monaco/monaco_convention-avec-monaco-successions_fd_1968.pdf|https://www.impots.gouv.fr/sites/default/files/media/10_conventions/monaco/monaco_convention-avec-monaco_fd_1967.pdf","",""
"Monaco","MC","492","IR|S","inforce","en vigueur","Impôt sur le revenu","Échange de lettres du 26 février 2010 (Journal officiel du 7 juillet 2012)","true","https://www.impots.gouv.fr/sites/default/files/media/10_conventions/monaco/convention_avec_monaco_modifiee_par_la_cml.pdf","https://www.impots.gouv.fr/sites/default/files/media/10_conventions/monaco/monaco_convention-avec-monaco-successions_fd_1968.pdf|https://www.impots.gouv.fr/sites/default/files/media/10_conventions/monaco/monaco_convention-avec-monaco_fd_1967.pdf","",""
"Monaco","MC","492","IR|S","inforce","en vigueur","Impôt sur le revenu","Accord particulier du 25 février 2019 (Journal officiel du 27 août 2021)","true","https://www.impots.gouv.fr/sites/default/files/media/10_conventions/monaco/convention_avec_monaco_modifiee_par_la_cml.pdf","https://www.impots.gouv.fr/sites/default/files/media/10_conventions/monaco/monaco_convention-avec-monaco-successions_fd_1968.pdf|https://www.impots.gouv.fr/sites/default/files/media/10_conventions/monaco/monaco_convention-avec-monaco_fd_1967.pdf","",""
"Monaco","MC","492","IR|S","inforce","en vigueur","Successions","Convention du 1er avril 1950 (Journal officiel du 10 juin 1953)","false","https://www.impots.gouv.fr/sites/default/files/media/10_conventions/monaco/convention_avec_monaco_modifiee_par_la_cml.pdf","https://www.impots.gouv.fr/sites/default/files/media/10_conventions/monaco/monaco_convention-avec-monaco-successions_fd_1968.pdf|https://www.impots.gouv.fr/sites/default/files/media/10_conventions/monaco/monaco_convention-avec-monaco_fd_1967.pdf","",""
"Mongolie","MN","496","IR|IF","inforce","en vigueur","Impôt sur le revenu","Convention du 18 avril 1996 (Journal officiel du 1er janvier 1999)","false","https://www.impots.gouv.fr/sites/default/files/media/10_conventions/mongolie/nid_28291_mongolie_consilidee_cml.pdf","https://www.impots.gouv.fr/sites/default/files/media/10_conventions/mongolie/mongolie_convention-avec-la-mongolie_fd_2101.pdf","",""
"Monténégro","ME","499","IR","inforce","en vigueur","Impôt sur le revenu","Convention du 28 mars 1974 (ex-Yougoslavie) (Journal officiel du 13 septembre 1975)","false","https://www.impots.gouv.fr/sites/default/files/media/10_conventions/ex_yougoslavie/convention-avec-l-ex-yougoslavie_fd_1730.pdf","","",""
"Monténégro","ME","499","IR","inforce","en vigueur","Impôt sur le revenu","Avenant du 26 mars 2003 (Journal officiel du 23 mai 2003)","false","https://www.impots.gouv.fr/sites/default/files/media/10_conventions/ex_yougoslavie/convention-avec-l-ex-yougoslavie_fd_1730.pdf","","",""
"Namibie","NA","516","IR|IF","inforce","en vigueur","Impôt sur le revenu","Convention du 29 mai 1996 (Journal officiel du 29 mai 1999)","false","https://www.impots.gouv.fr/sites/default/files/media/10_conventions/namibie/namibie_convention-avec-la-namibie_fd_1432.pdf","","",""
"Niger","NE","562","IR|S|DE","susp","suspendue","Impôt sur le revenu","Convention et échange de lettres du 1er juin 1965 (Journal officiel du 1er décembre 1966 et rectificatif du 8 janvier 1967)","false","https://www.impots.gouv.fr/sites/default/files/media/10_conventions/niger/niger_convention-avec-le-niger_fd_1962.pdf","","",""
"Niger","NE","562","IR|S|DE","susp","suspendue","Impôt sur le revenu","Avenant du 16 février 1973 (Journal officiel du 13 mars 1977)","false","https://www.impots.gouv.fr/sites/default/files/media/10_conventions/niger/niger_convention-avec-le-niger_fd_1962.pdf","","",""
"Nigeria","NG","566","IR","inforce","en vigueur","Impôt sur le revenu","Convention du 27 février 1990 (Journal officiel du 19 juillet 1991)","false","https://www.impots.gouv.fr/sites/default/files/media/10_conventions/nigeria/nigeria_convention-avec-le-nigeria_fd_1963.pdf","","",""
"Norvège","NO","578","IR|IF","inforce","en vigueur","Impôt sur le revenu","Convention du 19 décembre 1980 (Journal officiel du 25 octobre 1981)","false","https://www.impots.gouv.fr/sites/default/files/media/10_conventions/norvege/norvege_convention-avec-la-norvege_fd_1966.pdf","","",""
"Norvège","NO","578","IR|IF","inforce","en vigueur","Impôt sur le revenu","Avenant du 14 novembre 1984 (Journal officiel du 27 octobre 1985)","false","https://www.impots.gouv.fr/sites/default/files/media/10_conventions/norvege/norvege_convention-avec-la-norvege_fd_1966.pdf","","",""
"Norvège","NO","578","IR|IF","inforce","en vigueur","Impôt sur le revenu","Avenant du 7 avril 1995 (Journal officiel du 17 octobre 1996)","false","https://www.impots.gouv.fr/sites/default/files/media/10_conventions/norvege/norvege_convention-avec-la-norvege_fd_1966.pdf","","",""
"Norvège","NO","578","IR|IF","inforce","en vigueur","Impôt sur le revenu","Avenant du 16 septembre 1999 (Journal officiel du 20 février 2003)","false","https://www.impots.gouv.fr/sites/default/files/media/10_conventions/norvege/norvege_convention-avec-la-norvege_fd_1966.pdf","","",""
"Nouvelle-Calédonie","NC","540","IR|S|D|DE","inforce","en vigueur","Impôt sur le revenu","Convention des 31 mars et 5 mai 1983 (Journal officiel du 27 juillet 1983)","false","https://www.impots.gouv.fr/sites/default/files/media/10_conventions/nouvelle-caledonie/nouvelle-caledonie_convention-avec-la-nouvelle-caledonie_fd_2175.pdf","","",""
"Nouvelle-Zélande","NZ","554","IR","inforce","en vigueur","Impôt sur le revenu","Convention du 30 novembre 1979 (Journal officiel du 16 mai 1981)","false","https://www.impots.gouv.fr/sites/default/files/media/10_conventions/nouvelle-zelande/convention_avec_la_nouvelle_zelande_modifiee_par_la_cml.pdf","","",""
"Oman","OM","512","IR|IF|S","inforce","en vigueur","Impôt sur le revenu","Convention et échange de lettres du 1er juin 1989 (Journal officiel du 1er août 1990)","false","https://www.impots.gouv.fr/sites/default/files/media/10_conventions/oman/oman_convention_modifiee_cml.pdf","","",""
"Oman","OM","512","IR|IF|S","inforce","en vigueur","Impôt sur le revenu","Avenant du 22 octobre 1996 (Journal officiel du 30 avril 2004)","false","https://www.impots.gouv.fr/sites/default/files/media/10_conventions/oman/oman_convention_modifiee_cml.pdf","","",""
"Oman","OM","512","IR|IF|S","inforce","en vigueur","Impôt sur le revenu","Avenant du 8 avril 2012 (Journal officiel du 20 mars 2013)","false","https://www.impots.gouv.fr/sites/default/files/media/10_conventions/oman/oman_convention_modifiee_cml.pdf","","",""
"Ouzbékistan","UZ","860","IR|IF","inforce","en vigueur","Impôt sur le revenu","Convention du 22 avril 1996 (Journal officiel du 16 octobre 2003 et rectificatif du 13 février 2004)","false","https://www.impots.gouv.fr/sites/default/files/media/10_conventions/ouzbekistan/ouzbekistan_convention-avec-l-ouzbekistan_fd_2348.pdf","","",""
"Pakistan","PK","586","IR","inforce","en vigueur","Impôt sur le revenu","Convention du 15 juin 1994 (Journal officiel du 18 octobre 1996)","false","https://www.impots.gouv.fr/sites/default/files/media/10_conventions/pakistan/version-consolidee-pakistan.pdf","","",""
"Panama","PA","591","IR","inforce","en vigueur","Impôt sur le revenu","Convention du 30 juin 2011 (Journal officiel du 4 février 2012)","false","https://www.impots.gouv.fr/sites/default/files/media/10_conventions/panama/version_consolidee_convention_panama_france_modifiee_convention_multilaterale.pdf","","",""
"Pays-Bas","NL","528","IR|IF","inforce","en vigueur","Impôt sur le revenu","Convention du 16 mars 1973 (Journal officiel du 21 avril 1974)","false","https://www.impots.gouv.fr/sites/default/files/media/10_conventions/pays-bas/pays-bas_modifiee_cml_20190805.pdf","","",""
"Pays-Bas","NL","528","IR|IF","inforce","en vigueur","Impôt sur le revenu","Avenant du 7 avril 2004 (Journal officiel du 1er septembre 2005)","false","https://www.impots.gouv.fr/sites/default/files/media/10_conventions/pays-bas/pays-bas_modifiee_cml_20190805.pdf","","",""
"Philippines","PH","608","IR","inforce","en vigueur","Impôt sur le revenu","Convention du 9 janvier 1976 (Journal officiel du 4 octobre 1978)","false","https://www.impots.gouv.fr/sites/default/files/media/10_conventions/philippines/philippines_convention-avec-les-philippines_fd_2099.pdf","","",""
"Philippines","PH","608","IR","inforce","en vigueur","Impôt sur le revenu","Avenant du 26 juin 1995 (Journal officiel du 26 juin 1998)","false","https://www.impots.gouv.fr/sites/default/files/media/10_conventions/philippines/philippines_convention-avec-les-philippines_fd_2099.pdf","","",""
"Philippines","PH","608","IR","inforce","en vigueur","Impôt sur le revenu","Avenant du 25 novembre 2011 (Journal officiel du 10 février 2013)","false","https://www.impots.gouv.fr/sites/default/files/media/10_conventions/philippines/philippines_convention-avec-les-philippines_fd_2099.pdf","","",""
"Pologne","PL","616","IR|IF","inforce","en vigueur","Impôt sur le revenu","Convention du 20 juin 1975 (Journal officiel du 1er décembre 1976)","false","https://www.impots.gouv.fr/sites/default/files/media/10_conventions/pologne/convention_avec_la_pologne_modifiee_par_la_cml.pdf","","",""
"Polynésie française","PF","258","IR","inforce","en vigueur","Revenus de capitaux mobiliers","Convention des 28 mars et 28 mai 1957 (Journal officiel du 15 août 1957)","false","https://www.impots.gouv.fr/sites/default/files/media/10_conventions/polynesie-francaise/polynesie-francaise_convention-avec-la-polynesie-francaise_fd_1994.pdf","","",""
"Polynésie française","PF","258","IR","inforce","en vigueur","Revenus de capitaux mobiliers","Accord particulier du 29 décembre 2009 (Journal officiel du 20 avril 2011)","true","https://www.impots.gouv.fr/sites/default/files/media/10_conventions/polynesie-francaise/polynesie-francaise_convention-avec-la-polynesie-francaise_fd_1994.pdf","","",""
"Portugal","PT","620","IR|SP|DP","inforce","en vigueur","Impôt sur le revenu","Convention du 14 janvier 1971 (Journal officiel du 4 janvier 1973)","false","https://www.impots.gouv.fr/sites/default/files/media/10_conventions/portugal/nid-13642_convention_avec_le_portugal_modifiee_par_la_cml.pdf","https://www.impots.gouv.fr/sites/default/files/media/10_conventions/portugal/portugal_accord-avec-le-portugal-successions_fd_1783.pdf","",""
"Portugal","PT","620","IR|SP|DP","inforce","en vigueur","Impôt sur le revenu","Avenant du 25 août 2016 (Journal officiel du 6 janvier 2018)","false","https://www.impots.gouv.fr/sites/default/files/media/10_conventions/portugal/nid-13642_convention_avec_le_portugal_modifiee_par_la_cml.pdf","https://www.impots.gouv.fr/sites/default/files/media/10_conventions/portugal/portugal_accord-avec-le-portugal-successions_fd_1783.pdf","",""
"Portugal","PT","620","IR|SP|DP","inforce","en vigueur","Successions et donations — portée limitée","Accord particulier du 3 juin 1994 et EDL des 29 et 30 juin 1994 (Journal officiel du 2 mars 1995)","true","https://www.impots.gouv.fr/sites/default/files/media/10_conventions/portugal/nid-13642_convention_avec_le_portugal_modifiee_par_la_cml.pdf","https://www.impots.gouv.fr/sites/default/files/media/10_conventions/portugal/portugal_accord-avec-le-portugal-successions_fd_1783.pdf","",""
"Qatar","QA","634","IR|IF|S","inforce","en vigueur","Impôt sur le revenu","Convention des 4 décembre 1990 et EDL 12 janvier 1993 (Journal officiel du 22 décembre 1994)","false","https://www.impots.gouv.fr/sites/default/files/media/10_conventions/qatar/qatar_convention_modifiee_par_cml_2021-12-29.pdf","","",""
"Qatar","QA","634","IR|IF|S","inforce","en vigueur","Impôt sur le revenu","Avenant du 14 janvier 2008 (Journal officiel du 31 juillet 2009)","false","https://www.impots.gouv.fr/sites/default/files/media/10_conventions/qatar/qatar_convention_modifiee_par_cml_2021-12-29.pdf","","",""
"Québec","CA","124","IR|IF","inforce","en vigueur","Impôt sur le revenu","Entente fiscale du 1er septembre 1987 (Journal officiel du 29 octobre 1988)","false","https://www.impots.gouv.fr/sites/default/files/media/10_conventions/quebec/quebec_convention-avec-le-quebec_fd_2098.pdf","","",""
"Québec","CA","124","IR|IF","inforce","en vigueur","Impôt sur le revenu","Avenant du 3 septembre 2002 (Journal officiel du 1er septembre 2005)","false","https://www.impots.gouv.fr/sites/default/files/media/10_conventions/quebec/quebec_convention-avec-le-quebec_fd_2098.pdf","","",""
"République centrafricaine","CF","140","IR|S|DE","inforce","en vigueur","Impôt sur le revenu","Convention des 13 décembre 1969 et EDL 13 et 16 décembre 1969 (Journal officiel du 25 mai 1971)","false","https://www.impots.gouv.fr/sites/default/files/media/10_conventions/centrafrique/centrafricaine-republique_convention-avec-la-republique-centrafricaine_fd_1813.pdf","","",""
"République tchèque","CZ","203","IR|IF","inforce","en vigueur","Impôt sur le revenu","Convention du 28 avril 2003 (Journal officiel du 3 août 2005)","false","https://www.impots.gouv.fr/sites/default/files/media/10_conventions/republique_tcheque/version_consolidee_de_la_convention_avec_la_republique_tcheque_modifiee_par_la_convention_multilaterale.pdf","","",""
"Roumanie","RO","642","IR|IF","inforce","en vigueur","Impôt sur le revenu","Convention du 27 septembre 1974 (Journal officiel du 21 octobre 1975)","false","https://www.impots.gouv.fr/sites/default/files/media/10_conventions/roumanie/version-consolidee-de-la-convention-avec-la-roumanie-modifiee-par-la-convention-multilaterale---impots-sur-le-revenu-et-la-fortune.pdf","","",""
"Royaume-Uni","GB","826","IR|S","inforce","en vigueur","Impôt sur le revenu","Convention du 19 juin 2008 (Journal officiel du 9 janvier 2010)","false","https://www.impots.gouv.fr/sites/default/files/media/10_conventions/royaume-uni/convention_avec_le_ru_modifiee_par_la_cml.pdf","https://www.impots.gouv.fr/sites/default/files/media/10_conventions/royaume-uni/royaume-uni_convention-avec-le-royaume-uni-successions_fd_1790.pdf","",""
"Royaume-Uni","GB","826","IR|S","inforce","en vigueur","Successions","Convention du 21 juin 1963 (Journal officiel du 1er août 1964 et rectificatif du 10 septembre 1964)","false","https://www.impots.gouv.fr/sites/default/files/media/10_conventions/royaume-uni/convention_avec_le_ru_modifiee_par_la_cml.pdf","https://www.impots.gouv.fr/sites/default/files/media/10_conventions/royaume-uni/royaume-uni_convention-avec-le-royaume-uni-successions_fd_1790.pdf","",""
"Russie","RU","643","IR|IF","partial","partiellement suspendue","Impôt sur le revenu","Convention du 26 novembre 1996 (Journal officiel du 29 mai 1999)","false","https://www.impots.gouv.fr/sites/default/files/media/10_conventions/russie/convention_russie_cml.pdf","https://www.impots.gouv.fr/sites/default/files/media/10_conventions/ex_urss/fichedescriptive_62371.pdf|https://www.impots.gouv.fr/10conventionsrussierussieconvention-avec-la-federation-de-russiefd1433pdf","",""
"Saint-Barthélemy","BL","652","","limited","accord limité","Assistance administrative","Accord particulier du 14 septembre 2010 (Journal officiel du 20 avril 2011)","true","https://bofip-archives.impots.gouv.fr/bofip/25779-AIDA.html/identifiant%3D-20120314","","",""
"Saint-Martin","MF","663","IR","inforce","en vigueur","Impôt sur le revenu","Convention du 21 décembre 2010 (Journal officiel du 20 avril 2011)","false","https://www.impots.gouv.fr/sites/default/files/media/10_conventions/saint-martin/saint-martin_convention-avec-saint-martin-signee-le-21.12.2010-en-vigueur-au-01.05.2011_fd_6011.pdf","","",""
"Saint-Martin","MF","663","IR","inforce","en vigueur","Impôt sur le revenu","Accord particulier du 23 décembre 2009 (Journal officiel du 20 avril 2011)","true","https://www.impots.gouv.fr/sites/default/files/media/10_conventions/saint-martin/saint-martin_convention-avec-saint-martin-signee-le-21.12.2010-en-vigueur-au-01.05.2011_fd_6011.pdf","","",""
"Saint-Pierre-et-Miquelon","PM","666","IR|S|D|DE","inforce","en vigueur","Impôt sur le revenu","Convention du 30 mai 1988 (Journal officiel du 14 janvier 1989)","false","https://www.impots.gouv.fr/sites/default/files/media/10_conventions/saint-pierre-et-miquelon/saint-pierre-et-miquelon_convention-avec-saint-pierre-et-miquelon_fd_2184.pdf","","",""
"Sénégal","SN","686","IR|S|DE","inforce","en vigueur","Impôt sur le revenu","Convention et échange de lettres du 29 mars 1974 (Journal officiel du 30 novembre 1976)","false","https://www.impots.gouv.fr/sites/default/files/media/10_conventions/senegal/senegal_modifiee_cml.pdf","https://www.impots.gouv.fr/10conventionssenegalsenegalconvention-avec-le-senegalfd2186pdf","",""
"Sénégal","SN","686","IR|S|DE","inforce","en vigueur","Impôt sur le revenu","Échange de lettres du 29 mars 1974 (Journal officiel du 11 mai 1978)","true","https://www.impots.gouv.fr/sites/default/files/media/10_conventions/senegal/senegal_modifiee_cml.pdf","https://www.impots.gouv.fr/10conventionssenegalsenegalconvention-avec-le-senegalfd2186pdf","",""
"Sénégal","SN","686","IR|S|DE","inforce","en vigueur","Impôt sur le revenu","Avenant du 16 juillet 1984 (Journal officiel du 25 février 1986)","false","https://www.impots.gouv.fr/sites/default/files/media/10_conventions/senegal/senegal_modifiee_cml.pdf","https://www.impots.gouv.fr/10conventionssenegalsenegalconvention-avec-le-senegalfd2186pdf","",""
"Sénégal","SN","686","IR|S|DE","inforce","en vigueur","Impôt sur le revenu","Avenant du 10 janvier 1991 (Journal officiel du 27 février 1993)","false","https://www.impots.gouv.fr/sites/default/files/media/10_conventions/senegal/senegal_modifiee_cml.pdf","https://www.impots.gouv.fr/10conventionssenegalsenegalconvention-avec-le-senegalfd2186pdf","",""
"Serbie","RS","688","IR","inforce","en vigueur","Impôt sur le revenu","Convention du 28 mars 1974 (ex-Yougoslavie) (Journal officiel du 13 septembre 1975)","false","https://www.impots.gouv.fr/sites/default/files/media/10_conventions/serbie/serbie_modifiee_cml_20190805.pdf","","",""
"Serbie","RS","688","IR","inforce","en vigueur","Impôt sur le revenu","Avenant du 26 mars 2003 (Journal officiel du 23 mai 2003)","false","https://www.impots.gouv.fr/sites/default/files/media/10_conventions/serbie/serbie_modifiee_cml_20190805.pdf","","",""
"Singapour","SG","702","IR","inforce","en vigueur","Impôt sur le revenu","Convention du 15 janvier 2015 (Journal officiel du 2 juillet 2016)","false","https://www.impots.gouv.fr/sites/default/files/media/10_conventions/singapour/singapour_convention_cml.pdf","https://www.impots.gouv.fr/10conventionssingapoursingapourconvention-avec-singapour-version-consolideefd1973pdf","",""
"Slovaquie","SK","703","IR|IF","inforce","en vigueur","Impôt sur le revenu","Convention du 1er juin 1973 — ex-Tchécoslovaquie (Journal officiel du 2 octobre 1975)","false","https://www.impots.gouv.fr/sites/default/files/media/10_conventions/slovaquie/convention_avec_la_slovaquie_modifiee_par_la_cml.pdf","","",""
"Slovénie","SI","705","IR|IF","inforce","en vigueur","Impôt sur le revenu","Convention du 7 avril 2004 (Journal officiel du 22 mars 2007)","false","https://www.impots.gouv.fr/sites/default/files/media/10_conventions/slovenie/convention_avec_la_slovenie_modifiee_par_la_cml.pdf","","",""
"Sri Lanka","LK","144","IR","inforce","en vigueur","Impôt sur le revenu","Convention du 17 septembre 1981 (Journal officiel du 30 janvier 1983)","false","https://www.impots.gouv.fr/sites/default/files/media/10_conventions/sri_lanka/sri-lanka_convention-avec-le-sri-lanka_fd_1972.pdf","","",""
"Suède","SE","752","IR|IF|S|D","inforce","en vigueur","Impôt sur le revenu","Convention des 27 novembre 1990 et EDL 14 et 18 mars 1991 (Journal officiel du 8 avril 1992 et rectificatif du 22 août 1992)","false","https://www.impots.gouv.fr/sites/default/files/media/10_conventions/suede/suede_convention-avec-la-suede-impot-sur-le-revenu-impot-sur-la-fortune_fd_2112.pdf","https://www.impots.gouv.fr/sites/default/files/media/10_conventions/suede/suede_convention-avec-la-suede-donations-successions_fd_2113.pdf","Avenant signé le 22 mai 2023","https://www.impots.gouv.fr/avenant-la-convention-avec-la-suede-signe-le-22052023-non-entre-en-vigueur"
"Suède","SE","752","IR|IF|S|D","inforce","en vigueur","Successions et donations","Convention du 8 juin 1994 (Journal officiel du 16 mars 1996)","false","https://www.impots.gouv.fr/sites/default/files/media/10_conventions/suede/suede_convention-avec-la-suede-impot-sur-le-revenu-impot-sur-la-fortune_fd_2112.pdf","https://www.impots.gouv.fr/sites/default/files/media/10_conventions/suede/suede_convention-avec-la-suede-donations-successions_fd_2113.pdf","Avenant signé le 22 mai 2023","https://www.impots.gouv.fr/avenant-la-convention-avec-la-suede-signe-le-22052023-non-entre-en-vigueur"
"Suisse","CH","756","IR|IF|SP|DP","inforce","en vigueur","Impôt sur le revenu","Convention du 9 septembre 1966 (Journal officiel du 10 octobre 1967)","false","https://www.impots.gouv.fr/sites/default/files/media/10_conventions/suisse/suisse_convention-avec-la-suisse-impots-sur-le-revenu-et-sur-la-fortune_fd_2125.pdf","https://www.impots.gouv.fr/sites/default/files/media/10_conventions/suisse/suisse_accord-avec-la-suisse-liberalites_fd_2119.pdf","",""
"Suisse","CH","756","IR|IF|SP|DP","inforce","en vigueur","Impôt sur le revenu","Avenant du 3 décembre 1969 (Journal officiel des 2 et 3 novembre 1970)","false","https://www.impots.gouv.fr/sites/default/files/media/10_conventions/suisse/suisse_convention-avec-la-suisse-impots-sur-le-revenu-et-sur-la-fortune_fd_2125.pdf","https://www.impots.gouv.fr/sites/default/files/media/10_conventions/suisse/suisse_accord-avec-la-suisse-liberalites_fd_2119.pdf","",""
"Suisse","CH","756","IR|IF|SP|DP","inforce","en vigueur","Impôt sur le revenu","Avenant du 22 juillet 1997 (Journal officiel du 27 août 1998)","false","https://www.impots.gouv.fr/sites/default/files/media/10_conventions/suisse/suisse_convention-avec-la-suisse-impots-sur-le-revenu-et-sur-la-fortune_fd_2125.pdf","https://www.impots.gouv.fr/sites/default/files/media/10_conventions/suisse/suisse_accord-avec-la-suisse-liberalites_fd_2119.pdf","",""
"Suisse","CH","756","IR|IF|SP|DP","inforce","en vigueur","Impôt sur le revenu","Échange de lettres des 14 février et 2 juin 2006","true","https://www.impots.gouv.fr/sites/default/files/media/10_conventions/suisse/suisse_convention-avec-la-suisse-impots-sur-le-revenu-et-sur-la-fortune_fd_2125.pdf","https://www.impots.gouv.fr/sites/default/files/media/10_conventions/suisse/suisse_accord-avec-la-suisse-liberalites_fd_2119.pdf","",""
"Suisse","CH","756","IR|IF|SP|DP","inforce","en vigueur","Impôt sur le revenu","Échange de lettres des 5 et 13 décembre 2006","true","https://www.impots.gouv.fr/sites/default/files/media/10_conventions/suisse/suisse_convention-avec-la-suisse-impots-sur-le-revenu-et-sur-la-fortune_fd_2125.pdf","https://www.impots.gouv.fr/sites/default/files/media/10_conventions/suisse/suisse_accord-avec-la-suisse-liberalites_fd_2119.pdf","",""
"Suisse","CH","756","IR|IF|SP|DP","inforce","en vigueur","Impôt sur le revenu","Avenant du 27 août 2009 (Journal officiel du 12 décembre 2010)","false","https://www.impots.gouv.fr/sites/default/files/media/10_conventions/suisse/suisse_convention-avec-la-suisse-impots-sur-le-revenu-et-sur-la-fortune_fd_2125.pdf","https://www.impots.gouv.fr/sites/default/files/media/10_conventions/suisse/suisse_accord-avec-la-suisse-liberalites_fd_2119.pdf","",""
"Suisse","CH","756","IR|IF|SP|DP","inforce","en vigueur","Impôt sur le revenu","Avenant du 25 juin 2014 (Journal officiel du 3 mai 2016)","false","https://www.impots.gouv.fr/sites/default/files/media/10_conventions/suisse/suisse_convention-avec-la-suisse-impots-sur-le-revenu-et-sur-la-fortune_fd_2125.pdf","https://www.impots.gouv.fr/sites/default/files/media/10_conventions/suisse/suisse_accord-avec-la-suisse-liberalites_fd_2119.pdf","",""
"Suisse","CH","756","IR|IF|SP|DP","inforce","en vigueur","Impôt sur le revenu","Arrangement administratif du 22 décembre 2022 (transitoire)","true","https://www.impots.gouv.fr/sites/default/files/media/10_conventions/suisse/suisse_convention-avec-la-suisse-impots-sur-le-revenu-et-sur-la-fortune_fd_2125.pdf","https://www.impots.gouv.fr/sites/default/files/media/10_conventions/suisse/suisse_accord-avec-la-suisse-liberalites_fd_2119.pdf","",""
"Suisse","CH","756","IR|IF|SP|DP","inforce","en vigueur","Impôt sur le revenu","Arrangement administratif du 30 juin 2023 (transitoire)","true","https://www.impots.gouv.fr/sites/default/files/media/10_conventions/suisse/suisse_convention-avec-la-suisse-impots-sur-le-revenu-et-sur-la-fortune_fd_2125.pdf","https://www.impots.gouv.fr/sites/default/files/media/10_conventions/suisse/suisse_accord-avec-la-suisse-liberalites_fd_2119.pdf","",""
"Suisse","CH","756","IR|IF|SP|DP","inforce","en vigueur","Impôt sur le revenu","Avenant du 27 juin 2023 (Journal officiel du 23 août 2025)","false","https://www.impots.gouv.fr/sites/default/files/media/10_conventions/suisse/suisse_convention-avec-la-suisse-impots-sur-le-revenu-et-sur-la-fortune_fd_2125.pdf","https://www.impots.gouv.fr/sites/default/files/media/10_conventions/suisse/suisse_accord-avec-la-suisse-liberalites_fd_2119.pdf","",""
"Suisse","CH","756","IR|IF|SP|DP","inforce","en vigueur","Travailleurs frontaliers","Accord particulier du 11 avril 1983, complété par échange de lettres des 25 avril et 8 juin 1984, modifié par échanges de lettres des 2 et 5 septembre 1985 (Journal officiel du 25 février 1987)","true","https://www.impots.gouv.fr/sites/default/files/media/10_conventions/suisse/suisse_convention-avec-la-suisse-impots-sur-le-revenu-et-sur-la-fortune_fd_2125.pdf","https://www.impots.gouv.fr/sites/default/files/media/10_conventions/suisse/suisse_accord-avec-la-suisse-liberalites_fd_2119.pdf","",""
"Suisse","CH","756","IR|IF|SP|DP","inforce","en vigueur","Travailleurs frontaliers","Échange de lettres des 21 et 24 février 2005","true","https://www.impots.gouv.fr/sites/default/files/media/10_conventions/suisse/suisse_convention-avec-la-suisse-impots-sur-le-revenu-et-sur-la-fortune_fd_2125.pdf","https://www.impots.gouv.fr/sites/default/files/media/10_conventions/suisse/suisse_accord-avec-la-suisse-liberalites_fd_2119.pdf","",""
"Suisse","CH","756","IR|IF|SP|DP","inforce","en vigueur","Travailleurs frontaliers","Échange de lettres des 5 et 12 juillet 2007","true","https://www.impots.gouv.fr/sites/default/files/media/10_conventions/suisse/suisse_convention-avec-la-suisse-impots-sur-le-revenu-et-sur-la-fortune_fd_2125.pdf","https://www.impots.gouv.fr/sites/default/files/media/10_conventions/suisse/suisse_accord-avec-la-suisse-liberalites_fd_2119.pdf","",""
"Suisse","CH","756","IR|IF|SP|DP","inforce","en vigueur","Travailleurs frontaliers","Arrangement administratif du 22 décembre 2022","true","https://www.impots.gouv.fr/sites/default/files/media/10_conventions/suisse/suisse_convention-avec-la-suisse-impots-sur-le-revenu-et-sur-la-fortune_fd_2125.pdf","https://www.impots.gouv.fr/sites/default/files/media/10_conventions/suisse/suisse_accord-avec-la-suisse-liberalites_fd_2119.pdf","",""
"Suisse","CH","756","IR|IF|SP|DP","inforce","en vigueur","Travailleurs frontaliers","Arrangement administratif du 30 juin 2023","true","https://www.impots.gouv.fr/sites/default/files/media/10_conventions/suisse/suisse_convention-avec-la-suisse-impots-sur-le-revenu-et-sur-la-fortune_fd_2125.pdf","https://www.impots.gouv.fr/sites/default/files/media/10_conventions/suisse/suisse_accord-avec-la-suisse-liberalites_fd_2119.pdf","",""
"Suisse","CH","756","IR|IF|SP|DP","inforce","en vigueur","Libéralités faites dans des buts désintéressés — portée limitée","Accord particulier du 30 octobre 1979 (Journal officiel du 26 février 1982 et 25 octobre 1994)","true","https://www.impots.gouv.fr/sites/default/files/media/10_conventions/suisse/suisse_convention-avec-la-suisse-impots-sur-le-revenu-et-sur-la-fortune_fd_2125.pdf","https://www.impots.gouv.fr/sites/default/files/media/10_conventions/suisse/suisse_accord-avec-la-suisse-liberalites_fd_2119.pdf","",""
"Syrie","SY","760","IR","inforce","en vigueur","Impôt sur le revenu","Convention des 17 juillet 1998 et EDL 16 décembre 2004 (Journal officiel du 3 juillet 2009)","false","https://www.impots.gouv.fr/sites/default/files/media/10_conventions/syrie/syrie_convention-avec-la-syrie-du-17.07.1998-entree-en-vigueur-le-01.05.2009_fd_5541.pdf","","",""
"Taïwan","TW","158","IR","special","dispositif législatif","Impôt sur le revenu","Article 77 de la loi n° 2010-1658 du 29 décembre 2010 de finances rectificative pour 2010 — dispositif de droit interne, en l'absence de convention","false","https://www.legifrance.gouv.fr/codes/article_lc/LEGIARTI000023364028","https://bofip.impots.gouv.fr/export/pdf/2155","",""
"Thaïlande","TH","764","IR","inforce","en vigueur","Impôt sur le revenu","Convention du 27 décembre 1974 (Journal officiel du 21 novembre 1975)","false","https://www.impots.gouv.fr/sites/default/files/media/10_conventions/thailande/thailande_modifiee_cml.pdf","","",""
"Thaïlande","TH","764","IR","inforce","en vigueur","Impôt sur le revenu","Échange de lettres des 20 août 1999 et 6 mars 2000 (Journal officiel du 15 avril 2003)","true","https://www.impots.gouv.fr/sites/default/files/media/10_conventions/thailande/thailande_modifiee_cml.pdf","","",""
"Togo","TG","768","IR|S|DE","inforce","en vigueur","Impôt sur le revenu","Convention des 24 novembre 1971 et EDL 25 et 26 novembre 1971 (Journal officiel du 6 août 1975)","false","https://www.impots.gouv.fr/sites/default/files/media/10_conventions/togo/togo_convention-avec-le-togo_fd_1969.pdf","","",""
"Trinité-et-Tobago","TT","780","IR","inforce","en vigueur","Impôt sur le revenu","Convention du 5 août 1987 (Journal officiel du 18 avril 1989)","false","https://www.impots.gouv.fr/sites/default/files/media/10_conventions/trinite_et_tobago/trinite-et-tobago_convention-entre-la-france-et-trinite-et-tobago_fd_1804.pdf","","",""
"Tunisie","TN","788","IR|S|DE","inforce","en vigueur","Impôt sur le revenu","Convention du 28 mai 1973 (Journal officiel du 13 novembre 1975)","false","https://www.impots.gouv.fr/sites/default/files/media/10_conventions/tunisie/nid_27638_tunisie_version_consolidee_cml.pdf","","",""
"Tunisie","TN","788","IR|S|DE","inforce","en vigueur","Impôt sur le revenu","Échange de lettres des 29 mai et 24 juin 1985","true","https://www.impots.gouv.fr/sites/default/files/media/10_conventions/tunisie/nid_27638_tunisie_version_consolidee_cml.pdf","","",""
"Turkménistan","TM","795","IR","inforce","en vigueur","Impôt sur le revenu","Convention du 4 octobre 1985 (ex-URSS) (Journal officiel du 28 mai 1987)","false","https://www.impots.gouv.fr/sites/default/files/media/10_conventions/ex_urss/fichedescriptive_62371.pdf","","",""
"Turkménistan","TM","795","IR","inforce","en vigueur","Impôt sur le revenu","Échange de lettres du 14 mars 1967 (Journal officiel du 21 mars 1968)","true","https://www.impots.gouv.fr/sites/default/files/media/10_conventions/ex_urss/fichedescriptive_62371.pdf","","",""
"Turquie","TR","792","IR","inforce","en vigueur","Impôt sur le revenu","Convention du 18 février 1987 (Journal officiel du 6 juillet 1989)","false","https://www.impots.gouv.fr/sites/default/files/media/10_conventions/turquie/turquie_convention-avec-la-turquie_fd_1780.pdf","","",""
"Ukraine","UA","804","IR|IF","inforce","en vigueur","Impôt sur le revenu","Convention du 31 janvier 1997 (Journal officiel du 9 décembre 1999)","false","https://www.impots.gouv.fr/sites/default/files/media/10_conventions/ukraine/convention_avec_lukraine_modifiee_par_la_cml.pdf","","",""
"Venezuela","VE","862","IR","inforce","en vigueur","Impôt sur le revenu","Convention du 7 mai 1992 (Journal officiel du 12 janvier 1994)","false","https://www.impots.gouv.fr/sites/default/files/media/10_conventions/venezuela/venezuela_convention-avec-le-venezuela_fd_1733.pdf","","",""
"Vietnam","VN","704","IR|IF","inforce","en vigueur","Impôt sur le revenu","Convention du 10 février 1993 (Journal officiel du 20 décembre 1994)","false","https://www.impots.gouv.fr/sites/default/files/media/10_conventions/viet-nam/27150_vietnam-version-consolidee-cml.pdf","","",""
"Zambie","ZM","894","IR","inforce","en vigueur","Impôt sur le revenu","Convention du 14 décembre 1950 — ancienne convention franco-britannique (Journal officiel des 20 et 21 août 1951)","false","https://www.impots.gouv.fr/sites/default/files/media/10_conventions/zambie/zambie_convention-avec-la-zambie_fd_1729.pdf","","",""
"Zambie","ZM","894","IR","inforce","en vigueur","Impôt sur le revenu","Échange de lettres du 5 novembre 1963 (Journal officiel du 15 décembre 1963)","true","https://www.impots.gouv.fr/sites/default/files/media/10_conventions/zambie/zambie_convention-avec-la-zambie_fd_1729.pdf","","",""
"Zambie","ZM","894","IR","inforce","en vigueur","Impôt sur le revenu","Échange de lettres du 31 décembre 1963 (Journal officiel du 26 février 1964)","true","https://www.impots.gouv.fr/sites/default/files/media/10_conventions/zambie/zambie_convention-avec-la-zambie_fd_1729.pdf","","",""
"Zimbabwe","ZW","716","IR|IF","inforce","en vigueur","Impôt sur le revenu","Convention du 15 décembre 1993 (Journal officiel du 16 mars 1997)","false","https://www.impots.gouv.fr/sites/default/files/media/10_conventions/zimbabwe/zimbabwe_convention-avec-le-zimbabwe_fd_1728.pdf","","",""
